timestamp,open,high,low,close,volume,source,symbol,interval
2025-04-30 08:00:00+00:00,94620.99,95228.45,94527.58,95176.66,1661.24557,binance,BTCUSDT,4h
2025-04-30 12:00:00+00:00,95176.66,95214.9,92910.0,94004.63,8257.162,binance,BTCUSDT,4h
2025-04-30 16:00:00+00:00,94004.63,94500.0,93528.71,94152.01,2035.58804,binance,BTCUSDT,4h
2025-04-30 20:00:00+00:00,94152.01,94784.1,94005.0,94172.0,2094.66545,binance,BTCUSDT,4h
2025-05-01 00:00:00+00:00,94172.0,95040.3,94130.43,94782.6,2877.4378,binance,BTCUSDT,4h
2025-05-01 04:00:00+00:00,94782.6,95180.0,94714.38,95025.84,1880.34885,binance,BTCUSDT,4h
2025-05-01 08:00:00+00:00,95025.84,96396.31,94913.04,96180.01,4237.08588,binance,BTCUSDT,4h
2025-05-01 12:00:00+00:00,96180.01,97424.02,95769.66,96854.3,7399.49215,binance,BTCUSDT,4h
2025-05-01 16:00:00+00:00,96854.31,97367.26,96424.44,96523.26,3200.80242,binance,BTCUSDT,4h
2025-05-01 20:00:00+00:00,96523.26,96885.77,96184.19,96489.91,1785.28633,binance,BTCUSDT,4h
2025-05-02 00:00:00+00:00,96489.9,97233.1,96466.21,97102.32,2134.18118,binance,BTCUSDT,4h
2025-05-02 04:00:00+00:00,97102.32,97309.78,96350.0,96350.0,2432.89056,binance,BTCUSDT,4h
2025-05-02 08:00:00+00:00,96350.01,97100.0,96350.0,96928.97,1860.2708,binance,BTCUSDT,4h
2025-05-02 12:00:00+00:00,96928.97,97895.68,96650.94,97330.19,5047.18173,binance,BTCUSDT,4h
2025-05-02 16:00:00+00:00,97330.19,97783.02,96769.84,96924.23,2332.70775,binance,BTCUSDT,4h
2025-05-02 20:00:00+00:00,96924.23,97136.0,96561.57,96887.14,1098.51609,binance,BTCUSDT,4h
2025-05-03 00:00:00+00:00,96887.13,96935.67,96300.02,96337.5,2058.72462,binance,BTCUSDT,4h
2025-05-03 04:00:00+00:00,96337.5,96593.0,96132.67,96322.68,1508.87428,binance,BTCUSDT,4h
2025-05-03 08:00:00+00:00,96322.68,96421.91,95852.29,95942.02,2622.43769,binance,BTCUSDT,4h
2025-05-03 12:00:00+00:00,95942.01,96509.44,95880.65,96418.68,1447.96366,binance,BTCUSDT,4h
2025-05-03 16:00:00+00:00,96418.68,96428.33,95869.68,96354.34,899.94616,binance,BTCUSDT,4h
2025-05-03 20:00:00+00:00,96354.34,96441.49,95753.01,95856.42,1185.40197,binance,BTCUSDT,4h
2025-05-04 00:00:00+00:00,95856.42,96304.48,95588.0,95722.23,1523.29654,binance,BTCUSDT,4h
2025-05-04 04:00:00+00:00,95722.22,96142.86,95692.7,95879.99,1780.05807,binance,BTCUSDT,4h
2025-05-04 08:00:00+00:00,95879.99,95923.54,95286.78,95423.2,2146.9622,binance,BTCUSDT,4h
2025-05-04 12:00:00+00:00,95423.19,95690.48,95209.07,95467.6,1981.94879,binance,BTCUSDT,4h
2025-05-04 16:00:00+00:00,95467.6,95640.98,95239.33,95584.07,863.77274,binance,BTCUSDT,4h
2025-05-04 20:00:00+00:00,95584.07,95758.08,94151.38,94277.62,2740.34508,binance,BTCUSDT,4h
2025-05-05 00:00:00+00:00,94277.61,94808.4,93514.1,94031.47,4140.14024,binance,BTCUSDT,4h
2025-05-05 04:00:00+00:00,94031.47,94825.46,94020.66,94761.91,2335.74375,binance,BTCUSDT,4h
2025-05-05 08:00:00+00:00,94761.91,94798.01,93888.0,94038.18,2541.09717,binance,BTCUSDT,4h
2025-05-05 12:00:00+00:00,94038.19,94531.74,93613.66,93770.31,4184.72517,binance,BTCUSDT,4h
2025-05-05 16:00:00+00:00,93770.32,94900.0,93759.63,94347.17,2339.27872,binance,BTCUSDT,4h
2025-05-05 20:00:00+00:00,94347.16,95199.0,93876.0,94733.68,1710.19684,binance,BTCUSDT,4h
2025-05-06 00:00:00+00:00,94733.68,94926.99,94012.78,94454.01,1586.4337,binance,BTCUSDT,4h
2025-05-06 04:00:00+00:00,94454.01,94638.01,94308.63,94400.99,1310.52658,binance,BTCUSDT,4h
2025-05-06 08:00:00+00:00,94400.98,94400.99,93720.63,93812.54,2666.58253,binance,BTCUSDT,4h
2025-05-06 12:00:00+00:00,93812.53,94733.38,93377.0,94558.95,3922.63869,binance,BTCUSDT,4h
2025-05-06 16:00:00+00:00,94558.94,95157.0,94216.0,94963.5,2336.80706,binance,BTCUSDT,4h
2025-05-06 20:00:00+00:00,94963.5,96920.65,94452.75,96834.02,4299.65657,binance,BTCUSDT,4h
2025-05-07 00:00:00+00:00,96834.02,97732.0,96208.1,96506.9,5180.41253,binance,BTCUSDT,4h
2025-05-07 04:00:00+00:00,96506.9,97013.53,96310.89,96994.82,2170.95622,binance,BTCUSDT,4h
2025-05-07 08:00:00+00:00,96994.82,97111.0,96833.33,97047.43,1298.75814,binance,BTCUSDT,4h
2025-05-07 12:00:00+00:00,97047.43,97478.27,96713.14,96923.91,2791.58426,binance,BTCUSDT,4h
2025-05-07 16:00:00+00:00,96923.91,96961.04,95784.61,96180.01,3605.87038,binance,BTCUSDT,4h
2025-05-07 20:00:00+00:00,96180.0,97390.0,96076.92,97030.5,1597.25701,binance,BTCUSDT,4h
2025-05-08 00:00:00+00:00,97030.5,99222.22,96876.29,99152.79,6410.02899,binance,BTCUSDT,4h
2025-05-08 04:00:00+00:00,99152.79,99419.0,98723.25,99252.34,4129.30669,binance,BTCUSDT,4h
2025-05-08 08:00:00+00:00,99252.34,99888.0,99209.04,99409.14,3702.67483,binance,BTCUSDT,4h
2025-05-08 12:00:00+00:00,99409.15,101525.03,99090.66,100758.08,7963.43171,binance,BTCUSDT,4h
2025-05-08 16:00:00+00:00,100758.08,101707.02,100596.0,101299.99,5099.76086,binance,BTCUSDT,4h
2025-05-08 20:00:00+00:00,101300.0,104145.76,101285.71,103261.6,7656.82539,binance,BTCUSDT,4h
2025-05-09 00:00:00+00:00,103261.61,103268.44,102364.0,102451.04,3733.8534,binance,BTCUSDT,4h
2025-05-09 04:00:00+00:00,102451.04,104361.3,102374.03,103628.77,5971.49947,binance,BTCUSDT,4h
2025-05-09 08:00:00+00:00,103628.76,103930.0,102421.0,102958.31,8403.08937,binance,BTCUSDT,4h
2025-05-09 12:00:00+00:00,102958.31,103793.66,102411.99,102895.99,5841.22214,binance,BTCUSDT,4h
2025-05-09 16:00:00+00:00,102895.99,103370.54,102315.14,103189.17,2349.89886,binance,BTCUSDT,4h
2025-05-09 20:00:00+00:00,103189.17,103408.0,102727.25,102971.99,1317.83583,binance,BTCUSDT,4h
2025-05-10 00:00:00+00:00,102971.99,103265.82,102818.76,103226.24,1788.89448,binance,BTCUSDT,4h
2025-05-10 04:00:00+00:00,103226.25,104100.0,103034.5,103759.71,2472.72488,binance,BTCUSDT,4h
2025-05-10 08:00:00+00:00,103759.71,104079.37,103366.0,103434.94,2876.2662,binance,BTCUSDT,4h
2025-05-10 12:00:00+00:00,103434.94,103825.4,103100.0,103138.77,1933.54411,binance,BTCUSDT,4h
2025-05-10 16:00:00+00:00,103138.76,103619.68,103005.33,103191.35,2330.41287,binance,BTCUSDT,4h
2025-05-10 20:00:00+00:00,103191.35,104984.57,103068.87,104809.53,3922.94357,binance,BTCUSDT,4h
2025-05-11 00:00:00+00:00,104809.53,104972.0,103466.05,104007.03,3855.57081,binance,BTCUSDT,4h
2025-05-11 04:00:00+00:00,104007.03,104400.0,103345.06,103385.47,2952.77072,binance,BTCUSDT,4h
2025-05-11 08:00:00+00:00,103385.46,104777.0,103380.95,104652.01,2472.65506,binance,BTCUSDT,4h
2025-05-11 12:00:00+00:00,104652.01,104888.0,103775.91,104150.0,4500.51294,binance,BTCUSDT,4h
2025-05-11 16:00:00+00:00,104150.0,104832.82,103750.0,104420.0,2312.17239,binance,BTCUSDT,4h
2025-05-11 20:00:00+00:00,104420.0,104578.62,103569.77,104118.0,1893.44005,binance,BTCUSDT,4h
2025-05-12 00:00:00+00:00,104118.0,105086.42,103702.15,104100.13,4046.32885,binance,BTCUSDT,4h
2025-05-12 04:00:00+00:00,104100.13,105819.45,103750.0,104467.99,6956.58682,binance,BTCUSDT,4h
2025-05-12 08:00:00+00:00,104467.99,104736.45,103625.0,103762.9,4195.60245,binance,BTCUSDT,4h
2025-05-12 12:00:00+00:00,103762.89,104629.96,102388.0,102527.26,7882.24448,binance,BTCUSDT,4h
2025-05-12 16:00:00+00:00,102527.27,103088.88,100718.37,101860.0,6054.64243,binance,BTCUSDT,4h
2025-05-12 20:00:00+00:00,101859.99,103127.92,101770.2,102791.32,2137.37289,binance,BTCUSDT,4h
2025-05-13 00:00:00+00:00,102791.32,102791.32,101429.7,101719.4,3352.34144,binance,BTCUSDT,4h
2025-05-13 04:00:00+00:00,101719.4,102943.28,101610.56,102665.5,3546.89229,binance,BTCUSDT,4h
2025-05-13 08:00:00+00:00,102665.5,103822.03,102540.18,103729.2,2797.46591,binance,BTCUSDT,4h
2025-05-13 12:00:00+00:00,103729.2,103966.0,102811.32,103682.55,4451.38278,binance,BTCUSDT,4h
2025-05-13 16:00:00+00:00,103682.54,104976.25,103532.18,104792.22,5053.45199,binance,BTCUSDT,4h
2025-05-13 20:00:00+00:00,104792.21,104928.0,103869.01,104103.72,2051.88968,binance,BTCUSDT,4h
2025-05-14 00:00:00+00:00,104103.72,104115.86,103453.26,103587.44,3010.71837,binance,BTCUSDT,4h
2025-05-14 04:00:00+00:00,103587.44,103971.0,103381.02,103716.55,2102.25399,binance,BTCUSDT,4h
2025-05-14 08:00:00+00:00,103716.55,104145.0,102875.22,103944.93,3535.76301,binance,BTCUSDT,4h
2025-05-14 12:00:00+00:00,103944.93,104356.95,102833.55,103514.24,5202.04446,binance,BTCUSDT,4h
2025-05-14 16:00:00+00:00,103514.24,103720.44,102602.05,103321.72,1856.97684,binance,BTCUSDT,4h
2025-05-14 20:00:00+00:00,103321.73,103667.52,103304.66,103507.82,745.15143,binance,BTCUSDT,4h
2025-05-15 00:00:00+00:00,103507.83,103866.51,102720.0,102753.63,1797.79721,binance,BTCUSDT,4h
2025-05-15 04:00:00+00:00,102753.62,102962.38,101724.17,101779.99,2353.66229,binance,BTCUSDT,4h
2025-05-15 08:00:00+00:00,101779.99,102441.0,101500.0,102371.61,2612.10704,binance,BTCUSDT,4h
2025-05-15 12:00:00+00:00,102371.62,103291.99,101383.07,103251.35,4312.54952,binance,BTCUSDT,4h
2025-05-15 16:00:00+00:00,103251.36,104192.7,102552.35,103157.26,4442.22626,binance,BTCUSDT,4h
2025-05-15 20:00:00+00:00,103157.26,103980.84,102708.46,103763.71,2480.64372,binance,BTCUSDT,4h
2025-05-16 00:00:00+00:00,103763.71,104466.01,103467.91,104023.49,3294.14952,binance,BTCUSDT,4h
2025-05-16 04:00:00+00:00,104023.49,104190.48,103694.18,103710.17,2338.96041,binance,BTCUSDT,4h
2025-05-16 08:00:00+00:00,103710.17,103900.0,103100.49,103651.71,3118.57852,binance,BTCUSDT,4h
2025-05-16 12:00:00+00:00,103651.72,104286.0,103343.07,104183.33,3503.77985,binance,BTCUSDT,4h
2025-05-16 16:00:00+00:00,104183.32,104550.33,103587.0,104032.6,2352.84073,binance,BTCUSDT,4h
2025-05-16 20:00:00+00:00,104032.6,104032.6,103397.5,103463.9,1075.57121,binance,BTCUSDT,4h
2025-05-17 00:00:00+00:00,103463.9,103600.0,102612.5,103508.48,2858.83928,binance,BTCUSDT,4h
2025-05-17 04:00:00+00:00,103508.48,103709.86,103285.71,103451.14,1318.92723,binance,BTCUSDT,4h
2025-05-17 08:00:00+00:00,103451.13,103568.58,102753.67,102994.17,2720.30154,binance,BTCUSDT,4h
2025-05-17 12:00:00+00:00,102994.18,103180.0,102640.02,102939.53,1272.66735,binance,BTCUSDT,4h
2025-05-17 16:00:00+00:00,102939.52,103350.0,102761.9,103158.6,1287.9669,binance,BTCUSDT,4h
2025-05-17 20:00:00+00:00,103158.6,103477.87,102900.72,103126.65,1792.19392,binance,BTCUSDT,4h
2025-05-18 00:00:00+00:00,103126.65,103409.98,103105.09,103295.7,913.9652,binance,BTCUSDT,4h
2025-05-18 04:00:00+00:00,103295.7,103988.0,103295.69,103919.39,1414.68073,binance,BTCUSDT,4h
2025-05-18 08:00:00+00:00,103919.39,104088.2,103800.0,103800.54,1574.15623,binance,BTCUSDT,4h
2025-05-18 12:00:00+00:00,103800.55,105680.0,103701.4,105518.0,4982.50382,binance,BTCUSDT,4h
2025-05-18 16:00:00+00:00,105518.0,105980.0,103851.01,103883.97,5395.35549,binance,BTCUSDT,4h
2025-05-18 20:00:00+00:00,103883.98,106660.0,103285.71,106454.26,7319.32579,binance,BTCUSDT,4h
2025-05-19 00:00:00+00:00,106454.27,107108.62,103534.47,103605.88,5830.4141,binance,BTCUSDT,4h
2025-05-19 04:00:00+00:00,103605.9,103779.99,102000.0,103226.29,7899.03768,binance,BTCUSDT,4h
2025-05-19 08:00:00+00:00,103226.29,103425.53,102782.6,102963.41,2683.33916,binance,BTCUSDT,4h
2025-05-19 12:00:00+00:00,102963.4,104968.75,102126.16,104786.41,6071.83103,binance,BTCUSDT,4h
2025-05-19 16:00:00+00:00,104786.42,105561.76,104491.53,105517.7,4503.35567,binance,BTCUSDT,4h
2025-05-19 20:00:00+00:00,105517.64,105829.99,105016.27,105573.74,3272.0576,binance,BTCUSDT,4h
2025-05-20 00:00:00+00:00,105573.73,106853.27,105533.01,105761.92,5750.55327,binance,BTCUSDT,4h
2025-05-20 04:00:00+00:00,105761.92,106399.0,104928.44,105021.71,3035.55334,binance,BTCUSDT,4h
2025-05-20 08:00:00+00:00,105021.7,105416.66,104847.16,105203.76,2326.54242,binance,BTCUSDT,4h
2025-05-20 12:00:00+00:00,105203.75,105391.27,104184.72,105333.68,3799.70194,binance,BTCUSDT,4h
2025-05-20 16:00:00+00:00,105333.67,107238.37,105090.9,107026.47,5057.29953,binance,BTCUSDT,4h
2025-05-20 20:00:00+00:00,107026.47,107320.0,105935.83,106849.99,3735.83225,binance,BTCUSDT,4h
2025-05-21 00:00:00+00:00,106850.0,107206.94,106186.79,106843.59,2584.02606,binance,BTCUSDT,4h
2025-05-21 04:00:00+00:00,106843.6,107985.05,106454.54,106527.16,5791.25242,binance,BTCUSDT,4h
2025-05-21 08:00:00+00:00,106527.17,106797.98,106100.01,106546.44,2982.12972,binance,BTCUSDT,4h
2025-05-21 12:00:00+00:00,106546.43,109458.0,106329.47,108973.35,11705.49449,binance,BTCUSDT,4h
2025-05-21 16:00:00+00:00,108973.34,109845.0,106117.67,108603.79,14958.19983,binance,BTCUSDT,4h
2025-05-21 20:00:00+00:00,108603.79,110797.38,107725.0,109643.99,7509.937825,binance,BTCUSDT,4h
2025-05-22 00:00:00+00:00,109643.99,111880.0,109177.37,111780.84,9017.73168,binance,BTCUSDT,4h
2025-05-22 04:00:00+00:00,111780.84,111795.04,110461.87,111045.45,7103.40338,binance,BTCUSDT,4h
2025-05-22 08:00:00+00:00,111045.45,111326.2,110272.72,110981.97,4014.18788,binance,BTCUSDT,4h
2025-05-22 12:00:00+00:00,110981.98,111626.43,110550.0,111290.86,6086.26018,binance,BTCUSDT,4h
2025-05-22 16:00:00+00:00,111290.85,111980.0,110916.4,111188.0,3260.6327,binance,BTCUSDT,4h
2025-05-22 20:00:00+00:00,111188.0,111717.34,110763.27,111696.21,2148.55731,binance,BTCUSDT,4h
2025-05-23 00:00:00+00:00,111696.22,111800.0,111000.13,111100.01,2834.29482,binance,BTCUSDT,4h
2025-05-23 04:00:00+00:00,111100.0,111181.82,110407.89,110715.42,3226.515,binance,BTCUSDT,4h
2025-05-23 08:00:00+00:00,110715.41,111381.61,108888.0,109076.35,4204.18634,binance,BTCUSDT,4h
2025-05-23 12:00:00+00:00,109076.36,109992.75,107316.0,108940.0,13163.25808,binance,BTCUSDT,4h
2025-05-23 16:00:00+00:00,108940.0,109809.53,108001.0,108716.07,4951.18081,binance,BTCUSDT,4h
2025-05-23 20:00:00+00:00,108714.01,108727.28,106800.0,107318.3,3358.28804,binance,BTCUSDT,4h
2025-05-24 00:00:00+00:00,107318.3,108367.54,106875.41,108366.3,2321.32073,binance,BTCUSDT,4h
2025-05-24 04:00:00+00:00,108366.31,108582.33,107566.37,107587.75,1982.27366,binance,BTCUSDT,4h
2025-05-24 08:00:00+00:00,107587.75,109506.03,107587.74,109208.56,5417.04518,binance,BTCUSDT,4h
2025-05-24 12:00:00+00:00,109208.57,109282.81,108540.0,108929.7,2666.17903,binance,BTCUSDT,4h
2025-05-24 16:00:00+00:00,108929.71,109200.0,108682.36,108960.0,1015.55537,binance,BTCUSDT,4h
2025-05-24 20:00:00+00:00,108960.0,109125.0,107500.0,107761.91,3380.15732,binance,BTCUSDT,4h
2025-05-25 00:00:00+00:00,107761.9,108257.14,107206.0,108095.75,2495.88081,binance,BTCUSDT,4h
2025-05-25 04:00:00+00:00,108095.76,108288.69,107454.54,107681.81,1293.71165,binance,BTCUSDT,4h
2025-05-25 08:00:00+00:00,107681.82,107700.65,106708.98,107260.0,3399.35699,binance,BTCUSDT,4h
2025-05-25 12:00:00+00:00,107259.99,107743.34,106600.64,106967.97,5093.14772,binance,BTCUSDT,4h
2025-05-25 16:00:00+00:00,106967.97,107940.95,106640.52,107717.01,2103.88371,binance,BTCUSDT,4h
2025-05-25 20:00:00+00:00,107717.02,109299.99,107176.0,109004.19,3324.06607,binance,BTCUSDT,4h
2025-05-26 00:00:00+00:00,109004.2,109844.91,108670.58,109623.53,3090.7964,binance,BTCUSDT,4h
2025-05-26 04:00:00+00:00,109623.54,110228.11,109365.29,110094.62,2472.4091,binance,BTCUSDT,4h
2025-05-26 08:00:00+00:00,110094.62,110173.92,109556.69,109772.72,1654.27634,binance,BTCUSDT,4h
2025-05-26 12:00:00+00:00,109772.73,110420.74,109494.74,110009.82,3113.22041,binance,BTCUSDT,4h
2025-05-26 16:00:00+00:00,110009.83,110422.22,108858.28,109130.44,3037.99696,binance,BTCUSDT,4h
2025-05-26 20:00:00+00:00,109130.44,109888.89,108940.0,109434.79,1280.41672,binance,BTCUSDT,4h
2025-05-27 00:00:00+00:00,109434.78,109666.0,107516.57,108892.16,4704.3073,binance,BTCUSDT,4h
2025-05-27 04:00:00+00:00,108892.15,109636.37,108550.0,109547.16,3340.1595,binance,BTCUSDT,4h
2025-05-27 08:00:00+00:00,109540.0,109899.0,109428.98,109585.49,1886.45358,binance,BTCUSDT,4h
2025-05-27 12:00:00+00:00,109585.49,110718.0,108670.29,110140.11,6777.89203,binance,BTCUSDT,4h
2025-05-27 16:00:00+00:00,110140.11,110499.64,109574.46,109877.87,2624.04806,binance,BTCUSDT,4h
2025-05-27 20:00:00+00:00,109877.87,109897.49,108600.0,108938.17,1943.79588,binance,BTCUSDT,4h
2025-05-28 00:00:00+00:00,108938.17,109284.7,108400.0,108863.64,2003.85357,binance,BTCUSDT,4h
2025-05-28 04:00:00+00:00,108863.64,109089.68,108624.43,108816.44,1391.51979,binance,BTCUSDT,4h
2025-05-28 08:00:00+00:00,108816.44,109130.44,108258.01,108870.38,1891.22828,binance,BTCUSDT,4h
2025-05-28 12:00:00+00:00,108870.39,109053.39,107045.45,107107.31,5751.05895,binance,BTCUSDT,4h
2025-05-28 16:00:00+00:00,107107.31,107842.29,106938.24,106946.01,2757.68701,binance,BTCUSDT,4h
2025-05-28 20:00:00+00:00,106946.0,108043.95,106769.43,107781.78,1838.44069,binance,BTCUSDT,4h
2025-05-29 00:00:00+00:00,107781.78,108484.61,107421.12,108044.88,3012.04609,binance,BTCUSDT,4h
2025-05-29 04:00:00+00:00,108044.87,108106.94,106948.01,107880.72,2287.08404,binance,BTCUSDT,4h
2025-05-29 08:00:00+00:00,107880.73,108891.91,107681.81,108779.84,2525.30968,binance,BTCUSDT,4h
2025-05-29 12:00:00+00:00,108779.83,108797.25,106474.0,107019.89,5170.87467,binance,BTCUSDT,4h
2025-05-29 16:00:00+00:00,107019.9,107168.23,105639.3,105731.74,4682.29852,binance,BTCUSDT,4h
2025-05-29 20:00:00+00:00,105731.74,106470.69,105322.86,105589.75,2157.08816,binance,BTCUSDT,4h
2025-05-30 00:00:00+00:00,105589.75,106214.93,104600.5,106024.33,4390.94984,binance,BTCUSDT,4h
2025-05-30 04:00:00+00:00,106024.33,106313.12,104727.72,105028.02,4187.15493,binance,BTCUSDT,4h
2025-05-30 08:00:00+00:00,105028.03,105981.75,104606.01,105880.51,3463.58178,binance,BTCUSDT,4h
2025-05-30 12:00:00+00:00,105880.5,106000.0,105047.61,105543.0,4176.35736,binance,BTCUSDT,4h
2025-05-30 16:00:00+00:00,105543.0,105560.98,103706.71,104640.5,5203.39187,binance,BTCUSDT,4h
2025-05-30 20:00:00+00:00,104640.49,104878.05,103621.0,103985.48,2285.06221,binance,BTCUSDT,4h
2025-05-31 00:00:00+00:00,103985.47,104292.69,103068.55,103684.01,3246.32605,binance,BTCUSDT,4h
2025-05-31 04:00:00+00:00,103684.0,103911.1,103487.99,103747.02,1424.77118,binance,BTCUSDT,4h
2025-05-31 08:00:00+00:00,103747.03,103809.51,103285.71,103498.18,1462.02815,binance,BTCUSDT,4h
2025-05-31 12:00:00+00:00,103498.17,104846.15,103480.11,104556.08,2862.31641,binance,BTCUSDT,4h
2025-05-31 16:00:00+00:00,104556.08,104780.49,104261.39,104698.02,1237.73843,binance,BTCUSDT,4h
2025-05-31 20:00:00+00:00,104698.03,104900.0,104473.2,104591.88,1056.179,binance,BTCUSDT,4h
2025-06-01 00:00:00+00:00,104591.88,104647.11,103924.52,104381.03,1332.51766,binance,BTCUSDT,4h
2025-06-01 04:00:00+00:00,104381.03,104729.99,104195.12,104275.95,935.26236,binance,BTCUSDT,4h
2025-06-01 08:00:00+00:00,104275.95,104459.07,103752.49,104082.68,1515.57248,binance,BTCUSDT,4h
2025-06-01 12:00:00+00:00,104082.67,104809.53,103783.01,104715.1,1868.98228,binance,BTCUSDT,4h
2025-06-01 16:00:00+00:00,104715.1,105299.21,104319.79,105121.94,2430.98984,binance,BTCUSDT,4h
2025-06-01 20:00:00+00:00,105121.95,105866.91,104893.72,105642.93,1626.37544,binance,BTCUSDT,4h
2025-06-02 00:00:00+00:00,105642.93,105735.42,104571.42,104829.27,1887.57513,binance,BTCUSDT,4h
2025-06-02 04:00:00+00:00,104829.27,105438.87,104610.13,105387.67,1324.62784,binance,BTCUSDT,4h
2025-06-02 08:00:00+00:00,105387.67,105935.63,103941.0,104047.64,3133.90977,binance,BTCUSDT,4h
2025-06-02 12:00:00+00:00,104047.63,104679.25,103659.88,104438.79,3457.5451,binance,BTCUSDT,4h
2025-06-02 16:00:00+00:00,104438.79,104731.95,104030.01,104425.63,1581.04916,binance,BTCUSDT,4h
2025-06-02 20:00:00+00:00,104425.64,105931.44,104425.64,105857.99,2069.28113,binance,BTCUSDT,4h
2025-06-03 00:00:00+00:00,105858.0,106500.0,105340.18,105482.02,2370.68744,binance,BTCUSDT,4h
2025-06-03 04:00:00+00:00,105482.03,105513.02,105116.2,105170.75,1808.4499,binance,BTCUSDT,4h
2025-06-03 08:00:00+00:00,105170.76,105349.94,104872.5,105287.24,1581.41246,binance,BTCUSDT,4h
2025-06-03 12:00:00+00:00,105287.24,106794.67,105031.6,106610.66,3944.17196,binance,BTCUSDT,4h
2025-06-03 16:00:00+00:00,106610.66,106666.67,105592.17,106238.81,2007.43502,binance,BTCUSDT,4h
2025-06-03 20:00:00+00:00,106238.81,106254.92,105266.02,105376.89,1547.36956,binance,BTCUSDT,4h
2025-06-04 00:00:00+00:00,105376.9,105839.63,105132.27,105519.27,1468.56182,binance,BTCUSDT,4h
2025-06-04 04:00:00+00:00,105519.26,105611.96,105250.0,105320.75,2243.32025,binance,BTCUSDT,4h
2025-06-04 08:00:00+00:00,105320.75,106000.0,105080.26,105084.36,3840.76425,binance,BTCUSDT,4h
2025-06-04 12:00:00+00:00,105084.36,105542.0,104179.0,105298.27,3906.47888,binance,BTCUSDT,4h
2025-06-04 16:00:00+00:00,105298.26,105483.14,104865.25,104913.52,1452.09412,binance,BTCUSDT,4h
2025-06-04 20:00:00+00:00,104913.52,105045.79,104407.16,104696.86,1123.6755,binance,BTCUSDT,4h
2025-06-05 00:00:00+00:00,104696.86,105240.84,104651.16,105047.15,1126.54275,binance,BTCUSDT,4h
2025-06-05 04:00:00+00:00,105047.15,105226.14,104380.0,104518.05,1593.6961,binance,BTCUSDT,4h
2025-06-05 08:00:00+00:00,104518.05,104920.0,104424.52,104827.8,1061.75675,binance,BTCUSDT,4h
2025-06-05 12:00:00+00:00,104827.79,105909.71,103900.0,104531.49,5067.78387,binance,BTCUSDT,4h
2025-06-05 16:00:00+00:00,104531.5,104598.87,101596.62,101914.77,6187.5316,binance,BTCUSDT,4h
2025-06-05 20:00:00+00:00,101914.76,102171.44,100372.26,101508.68,7284.19047,binance,BTCUSDT,4h
2025-06-06 00:00:00+00:00,101508.69,102520.0,101095.8,102493.3,2752.42188,binance,BTCUSDT,4h
2025-06-06 04:00:00+00:00,102493.3,103468.66,102387.38,103150.44,2278.64268,binance,BTCUSDT,4h
2025-06-06 08:00:00+00:00,103150.44,103991.45,103150.43,103927.99,2218.22642,binance,BTCUSDT,4h
2025-06-06 12:00:00+00:00,103927.99,105333.0,103513.7,105092.28,4660.37233,binance,BTCUSDT,4h
2025-06-06 16:00:00+00:00,105092.28,105284.0,104013.21,104219.8,2762.90707,binance,BTCUSDT,4h
2025-06-06 20:00:00+00:00,104219.8,104617.56,104167.98,104288.44,1166.50347,binance,BTCUSDT,4h
2025-06-07 00:00:00+00:00,104288.43,104910.77,103871.09,104871.58,1400.16428,binance,BTCUSDT,4h
2025-06-07 04:00:00+00:00,104871.59,105319.13,104643.62,104867.04,1309.06461,binance,BTCUSDT,4h
2025-06-07 08:00:00+00:00,104867.03,105264.0,104689.81,105150.01,1180.35371,binance,BTCUSDT,4h
2025-06-07 12:00:00+00:00,105150.01,105800.0,105150.0,105558.11,2197.72958,binance,BTCUSDT,4h
2025-06-07 16:00:00+00:00,105558.11,105884.46,105279.06,105725.91,1536.04392,binance,BTCUSDT,4h
2025-06-07 20:00:00+00:00,105725.91,105900.0,105534.88,105552.15,721.57596,binance,BTCUSDT,4h
2025-06-08 00:00:00+00:00,105552.15,105786.33,105394.03,105471.59,1084.68276,binance,BTCUSDT,4h
2025-06-08 04:00:00+00:00,105471.59,105653.13,105408.38,105426.45,623.06268,binance,BTCUSDT,4h
2025-06-08 08:00:00+00:00,105426.46,105720.94,104964.14,105686.71,1672.01298,binance,BTCUSDT,4h
2025-06-08 12:00:00+00:00,105686.71,106160.19,105520.25,105984.52,2200.98155,binance,BTCUSDT,4h
2025-06-08 16:00:00+00:00,105984.53,106360.0,105943.91,106289.99,1099.96633,binance,BTCUSDT,4h
2025-06-08 20:00:00+00:00,106289.99,106488.14,105545.71,105734.0,1367.35675,binance,BTCUSDT,4h
2025-06-09 00:00:00+00:00,105734.01,105966.33,105318.37,105659.13,1795.0497,binance,BTCUSDT,4h
2025-06-09 04:00:00+00:00,105659.14,105717.3,105319.0,105560.71,1470.33986,binance,BTCUSDT,4h
2025-06-09 08:00:00+00:00,105560.71,107806.0,105473.57,107759.21,4424.95656,binance,BTCUSDT,4h
2025-06-09 12:00:00+00:00,107759.21,108020.0,106860.0,107635.91,3544.41855,binance,BTCUSDT,4h
2025-06-09 16:00:00+00:00,107635.91,108767.24,107635.91,108564.72,2689.46607,binance,BTCUSDT,4h
2025-06-09 20:00:00+00:00,108565.86,110530.17,108456.08,110263.02,6051.14377,binance,BTCUSDT,4h
2025-06-10 00:00:00+00:00,110263.02,110311.82,109381.24,109568.02,2356.61975,binance,BTCUSDT,4h
2025-06-10 04:00:00+00:00,109568.03,109737.68,109095.67,109205.14,2317.07387,binance,BTCUSDT,4h
2025-06-10 08:00:00+00:00,109205.14,109851.8,109056.9,109541.28,2344.90457,binance,BTCUSDT,4h
2025-06-10 12:00:00+00:00,109541.93,109900.81,108331.03,109015.42,5247.00781,binance,BTCUSDT,4h
2025-06-10 16:00:00+00:00,109015.41,110400.0,108518.86,109526.3,2639.86004,binance,BTCUSDT,4h
2025-06-10 20:00:00+00:00,109526.3,110299.73,109239.68,110274.39,2166.36235,binance,BTCUSDT,4h
2025-06-11 00:00:00+00:00,110274.39,110274.4,109533.97,109722.95,1393.61311,binance,BTCUSDT,4h
2025-06-11 04:00:00+00:00,109722.95,109745.29,109373.67,109446.74,1000.47435,binance,BTCUSDT,4h
2025-06-11 08:00:00+00:00,109446.74,109675.69,109193.89,109252.09,1633.7552,binance,BTCUSDT,4h
2025-06-11 12:00:00+00:00,109252.1,110392.01,109008.82,109735.7,4399.26765,binance,BTCUSDT,4h
2025-06-11 16:00:00+00:00,109735.7,109815.84,108412.01,108742.37,2837.53217,binance,BTCUSDT,4h
2025-06-11 20:00:00+00:00,108742.37,109219.51,108064.0,108645.12,1851.2739,binance,BTCUSDT,4h
2025-06-12 00:00:00+00:00,108645.13,108813.55,107730.0,107860.05,3756.8345,binance,BTCUSDT,4h
2025-06-12 04:00:00+00:00,107860.04,107993.58,107320.0,107633.53,2337.6809,binance,BTCUSDT,4h
2025-06-12 08:00:00+00:00,107633.53,107835.83,106874.47,106900.95,1866.42836,binance,BTCUSDT,4h
2025-06-12 12:00:00+00:00,106900.95,107822.5,106600.0,107020.95,3201.2854,binance,BTCUSDT,4h
2025-06-12 16:00:00+00:00,107020.96,108450.16,106680.0,106788.8,2559.00784,binance,BTCUSDT,4h
2025-06-12 20:00:00+00:00,106789.8,106960.77,105671.72,105671.73,4057.43518,binance,BTCUSDT,4h
2025-06-13 00:00:00+00:00,105671.74,105694.0,102664.31,104277.22,11535.37443,binance,BTCUSDT,4h
2025-06-13 04:00:00+00:00,104277.22,104970.12,103782.75,104895.0,3355.01643,binance,BTCUSDT,4h
2025-06-13 08:00:00+00:00,104895.01,105434.34,104425.79,105039.48,3146.66203,binance,BTCUSDT,4h
2025-06-13 12:00:00+00:00,105039.48,105747.47,104118.0,105436.87,3901.15519,binance,BTCUSDT,4h
2025-06-13 16:00:00+00:00,105436.87,105981.0,104668.73,105110.0,2950.53869,binance,BTCUSDT,4h
2025-06-13 20:00:00+00:00,105110.01,106179.53,105020.87,106066.59,1292.07057,binance,BTCUSDT,4h
2025-06-14 00:00:00+00:00,106066.59,106252.0,105197.96,105228.82,3017.48753,binance,BTCUSDT,4h
2025-06-14 04:00:00+00:00,105228.83,105397.06,104792.98,105076.59,1002.68077,binance,BTCUSDT,4h
2025-06-14 08:00:00+00:00,105076.59,105132.36,104836.06,105082.01,786.7679,binance,BTCUSDT,4h
2025-06-14 12:00:00+00:00,105082.01,105131.25,104615.38,104841.3,1045.14048,binance,BTCUSDT,4h
2025-06-14 16:00:00+00:00,104841.29,105045.78,104359.08,104645.67,1687.29248,binance,BTCUSDT,4h
2025-06-14 20:00:00+00:00,104645.66,105480.0,104300.0,105414.64,1259.57053,binance,BTCUSDT,4h
2025-06-15 00:00:00+00:00,105414.63,105680.0,105264.75,105473.55,759.41728,binance,BTCUSDT,4h
2025-06-15 04:00:00+00:00,105473.54,106128.57,105200.0,105428.0,1381.52981,binance,BTCUSDT,4h
2025-06-15 08:00:00+00:00,105428.0,105482.4,104867.64,104970.51,1057.15319,binance,BTCUSDT,4h
2025-06-15 12:00:00+00:00,104970.51,105838.24,104955.48,105564.0,1245.40098,binance,BTCUSDT,4h
2025-06-15 16:00:00+00:00,105563.99,105777.09,105082.97,105294.19,975.97763,binance,BTCUSDT,4h
2025-06-15 20:00:00+00:00,105294.19,105617.82,104494.53,105594.01,1744.72158,binance,BTCUSDT,4h
2025-06-16 00:00:00+00:00,105594.02,105970.59,104980.37,105921.84,1680.0381,binance,BTCUSDT,4h
2025-06-16 04:00:00+00:00,105921.85,107262.31,105874.48,107061.8,2778.21159,binance,BTCUSDT,4h
2025-06-16 08:00:00+00:00,107061.8,107255.01,106582.25,106883.99,2148.92551,binance,BTCUSDT,4h
2025-06-16 12:00:00+00:00,106884.0,107784.26,106495.09,107424.96,2538.358,binance,BTCUSDT,4h
2025-06-16 16:00:00+00:00,107424.96,108888.0,107309.15,108652.0,2748.12533,binance,BTCUSDT,4h
2025-06-16 20:00:00+00:00,108652.01,108952.38,106700.0,106794.53,3029.00687,binance,BTCUSDT,4h
2025-06-17 00:00:00+00:00,106794.53,107771.34,106115.35,107590.41,3025.95246,binance,BTCUSDT,4h
2025-06-17 04:00:00+00:00,107590.41,107711.06,106481.6,106758.52,1696.95424,binance,BTCUSDT,4h
2025-06-17 08:00:00+00:00,106758.52,106822.78,105508.23,105641.47,2408.54535,binance,BTCUSDT,4h
2025-06-17 12:00:00+00:00,105641.48,105862.03,104130.95,104241.63,4308.26392,binance,BTCUSDT,4h
2025-06-17 16:00:00+00:00,104241.62,105336.82,103371.02,104686.12,4719.96669,binance,BTCUSDT,4h
2025-06-17 20:00:00+00:00,104686.12,104898.81,104203.85,104551.17,1706.64759,binance,BTCUSDT,4h
2025-06-18 00:00:00+00:00,104551.17,105240.0,104379.52,105184.84,1346.38636,binance,BTCUSDT,4h
2025-06-18 04:00:00+00:00,105184.84,105550.27,104713.24,104973.24,1758.92527,binance,BTCUSDT,4h
2025-06-18 08:00:00+00:00,104973.24,105310.62,104175.87,104840.59,1900.45623,binance,BTCUSDT,4h
2025-06-18 12:00:00+00:00,104840.58,105325.83,103814.04,104801.01,4024.47787,binance,BTCUSDT,4h
2025-06-18 16:00:00+00:00,104801.01,104836.64,103500.0,103808.41,3290.4773,binance,BTCUSDT,4h
2025-06-18 20:00:00+00:00,103808.41,105139.87,103652.0,104886.78,1647.91864,binance,BTCUSDT,4h
2025-06-19 00:00:00+00:00,104886.79,105226.17,104457.12,105100.02,1479.10507,binance,BTCUSDT,4h
2025-06-19 04:00:00+00:00,105100.01,105220.0,104617.69,104642.85,1132.25759,binance,BTCUSDT,4h
2025-06-19 08:00:00+00:00,104642.85,105073.53,104631.26,104776.23,949.58523,binance,BTCUSDT,4h
2025-06-19 12:00:00+00:00,104776.23,104917.05,104078.0,104096.93,1595.4989,binance,BTCUSDT,4h
2025-06-19 16:00:00+00:00,104096.94,104814.73,103929.27,104250.44,1624.22301,binance,BTCUSDT,4h
2025-06-19 20:00:00+00:00,104250.45,104898.31,104150.0,104658.59,897.93757,binance,BTCUSDT,4h
2025-06-20 00:00:00+00:00,104658.59,104820.0,104391.38,104596.63,1026.45735,binance,BTCUSDT,4h
2025-06-20 04:00:00+00:00,104596.64,105825.66,104238.02,105811.74,1878.07017,binance,BTCUSDT,4h
2025-06-20 08:00:00+00:00,105811.74,106524.65,105757.48,105977.82,2862.78664,binance,BTCUSDT,4h
2025-06-20 12:00:00+00:00,105977.82,106149.17,103888.0,104217.99,3668.86931,binance,BTCUSDT,4h
2025-06-20 16:00:00+00:00,104218.0,104269.64,102345.0,103307.22,5227.49835,binance,BTCUSDT,4h
2025-06-20 20:00:00+00:00,103307.21,103828.0,102963.67,103297.99,1755.38101,binance,BTCUSDT,4h
2025-06-21 00:00:00+00:00,103297.98,103691.67,103127.48,103495.87,750.73411,binance,BTCUSDT,4h
2025-06-21 04:00:00+00:00,103495.86,103599.04,103330.0,103458.5,686.61118,binance,BTCUSDT,4h
2025-06-21 08:00:00+00:00,103458.5,103982.64,103458.49,103874.64,1188.56205,binance,BTCUSDT,4h
2025-06-21 12:00:00+00:00,103874.63,103946.47,103281.82,103560.9,1449.27436,binance,BTCUSDT,4h
2025-06-21 16:00:00+00:00,103560.9,103640.0,102210.43,102245.1,2365.40427,binance,BTCUSDT,4h
2025-06-21 20:00:00+00:00,102245.11,102888.88,100837.9,102120.01,4713.62735,binance,BTCUSDT,4h
2025-06-22 00:00:00+00:00,102120.02,103399.62,101839.96,102375.4,4339.90882,binance,BTCUSDT,4h
2025-06-22 04:00:00+00:00,102375.4,102946.47,102256.01,102424.61,1481.73109,binance,BTCUSDT,4h
2025-06-22 08:00:00+00:00,102424.61,102804.05,102080.0,102739.48,1801.30685,binance,BTCUSDT,4h
2025-06-22 12:00:00+00:00,102739.47,102831.0,98889.35,98906.21,12422.58545,binance,BTCUSDT,4h
2025-06-22 16:00:00+00:00,98906.21,100380.0,98673.66,98882.84,4419.40202,binance,BTCUSDT,4h
2025-06-22 20:00:00+00:00,98882.85,101034.65,98200.0,100963.87,4281.47649,binance,BTCUSDT,4h
2025-06-23 00:00:00+00:00,100963.87,101620.0,100494.25,101154.14,2930.22354,binance,BTCUSDT,4h
2025-06-23 04:00:00+00:00,101154.13,102137.0,100980.0,101931.04,2509.06943,binance,BTCUSDT,4h
2025-06-23 08:00:00+00:00,101931.04,102080.0,101102.76,101289.01,2527.52051,binance,BTCUSDT,4h
2025-06-23 12:00:00+00:00,101289.0,102613.09,100792.16,101420.7,4451.665,binance,BTCUSDT,4h
2025-06-23 16:00:00+00:00,101420.71,103300.0,99613.33,103161.29,7496.3725,binance,BTCUSDT,4h
2025-06-23 20:00:00+00:00,103161.3,106074.2,102880.0,105333.93,7751.65511,binance,BTCUSDT,4h
2025-06-24 00:00:00+00:00,105333.94,105500.0,104720.82,104919.6,2882.14256,binance,BTCUSDT,4h
2025-06-24 04:00:00+00:00,104919.6,105811.0,104704.91,104933.74,3158.97987,binance,BTCUSDT,4h
2025-06-24 08:00:00+00:00,104933.74,105571.4,104622.02,105170.0,2216.8644,binance,BTCUSDT,4h
2025-06-24 12:00:00+00:00,105169.99,105731.92,104800.98,105244.73,2933.73072,binance,BTCUSDT,4h
2025-06-24 16:00:00+00:00,105244.72,106290.0,105172.64,105643.19,2366.40087,binance,BTCUSDT,4h
2025-06-24 20:00:00+00:00,105643.2,106119.11,105435.45,106083.0,1093.57493,binance,BTCUSDT,4h
2025-06-25 00:00:00+00:00,106083.0,106791.18,105808.03,106232.01,2385.0945,binance,BTCUSDT,4h
2025-06-25 04:00:00+00:00,106232.01,106702.0,106001.0,106600.01,1317.62334,binance,BTCUSDT,4h
2025-06-25 08:00:00+00:00,106600.0,107237.44,106343.13,107198.02,2272.81569,binance,BTCUSDT,4h
2025-06-25 12:00:00+00:00,107198.02,108135.3,106752.36,107028.0,7497.00314,binance,BTCUSDT,4h
2025-06-25 16:00:00+00:00,107027.99,107905.37,106931.0,107761.68,2109.69446,binance,BTCUSDT,4h
2025-06-25 20:00:00+00:00,107761.67,108000.0,107079.9,107340.58,1118.92438,binance,BTCUSDT,4h
2025-06-26 00:00:00+00:00,107340.59,108272.45,107105.43,107853.79,1896.83706,binance,BTCUSDT,4h
2025-06-26 04:00:00+00:00,107853.79,108085.92,107520.0,107813.99,1290.81871,binance,BTCUSDT,4h
2025-06-26 08:00:00+00:00,107813.99,108174.86,107117.65,107325.41,2010.44306,binance,BTCUSDT,4h
2025-06-26 12:00:00+00:00,107325.42,107765.55,106562.5,107313.6,2623.12904,binance,BTCUSDT,4h
2025-06-26 16:00:00+00:00,107313.61,107669.74,107009.28,107532.98,1252.6466,binance,BTCUSDT,4h
2025-06-26 20:00:00+00:00,107532.97,108000.0,106850.0,106947.06,1499.39832,binance,BTCUSDT,4h
2025-06-27 00:00:00+00:00,106947.06,107515.28,106438.33,107477.76,1472.30428,binance,BTCUSDT,4h
2025-06-27 04:00:00+00:00,107477.76,107735.34,106850.0,106869.71,1946.05962,binance,BTCUSDT,4h
2025-06-27 08:00:00+00:00,106869.72,107159.95,106679.98,106983.6,2318.07544,binance,BTCUSDT,4h
2025-06-27 12:00:00+00:00,106983.6,107407.14,106356.76,107308.25,3704.52866,binance,BTCUSDT,4h
2025-06-27 16:00:00+00:00,107308.25,107709.22,106446.45,106801.02,1987.48356,binance,BTCUSDT,4h
2025-06-27 20:00:00+00:00,106801.02,107277.99,106794.33,107047.59,803.98886,binance,BTCUSDT,4h
2025-06-28 00:00:00+00:00,107047.58,107347.1,106811.51,107300.13,775.04704,binance,BTCUSDT,4h
2025-06-28 04:00:00+00:00,107300.13,107496.12,107183.29,107485.0,497.62159,binance,BTCUSDT,4h
2025-06-28 08:00:00+00:00,107485.01,107493.07,107252.6,107373.39,416.2984,binance,BTCUSDT,4h
2025-06-28 12:00:00+00:00,107373.39,107577.75,107084.15,107449.28,714.87392,binance,BTCUSDT,4h
2025-06-28 16:00:00+00:00,107449.28,107542.5,107225.74,107225.74,499.08961,binance,BTCUSDT,4h
2025-06-28 20:00:00+00:00,107225.74,107378.37,107154.62,107296.79,379.24296,binance,BTCUSDT,4h
2025-06-29 00:00:00+00:00,107296.79,107500.0,107172.52,107210.78,534.03453,binance,BTCUSDT,4h
2025-06-29 04:00:00+00:00,107210.78,107402.18,107205.82,107402.18,340.57663,binance,BTCUSDT,4h
2025-06-29 08:00:00+00:00,107402.17,108484.0,107402.17,108477.11,1988.92767,binance,BTCUSDT,4h
2025-06-29 12:00:00+00:00,108477.12,108528.5,107650.0,107750.72,1320.45894,binance,BTCUSDT,4h
2025-06-29 16:00:00+00:00,107750.72,107792.05,107316.46,107406.81,1188.5295,binance,BTCUSDT,4h
2025-06-29 20:00:00+00:00,107406.8,108436.47,107250.0,108356.93,1459.20913,binance,BTCUSDT,4h
2025-06-30 00:00:00+00:00,108356.93,108789.99,108255.81,108503.74,1564.16827,binance,BTCUSDT,4h
2025-06-30 04:00:00+00:00,108503.74,108538.76,107481.31,107614.08,1581.27553,binance,BTCUSDT,4h
2025-06-30 08:00:00+00:00,107614.07,107964.33,107400.0,107654.2,1242.20442,binance,BTCUSDT,4h
2025-06-30 12:00:00+00:00,107654.21,107858.79,106733.33,107580.46,2980.03437,binance,BTCUSDT,4h
2025-06-30 16:00:00+00:00,107580.47,107807.94,107116.4,107745.97,1314.82691,binance,BTCUSDT,4h
2025-06-30 20:00:00+00:00,107745.97,107764.73,106900.02,107146.5,1071.61541,binance,BTCUSDT,4h
2025-07-01 00:00:00+00:00,107146.51,107540.0,107026.93,107192.38,973.46,binance,BTCUSDT,4h
2025-07-01 04:00:00+00:00,107192.39,107203.11,106615.97,107178.99,1267.97836,binance,BTCUSDT,4h
2025-07-01 08:00:00+00:00,107178.99,107178.99,106301.86,106605.8,1434.81634,binance,BTCUSDT,4h
2025-07-01 12:00:00+00:00,106605.79,107179.99,105623.39,105955.18,3974.69567,binance,BTCUSDT,4h
2025-07-01 16:00:00+00:00,105955.19,106287.95,105387.68,105398.53,1690.90273,binance,BTCUSDT,4h
2025-07-01 20:00:00+00:00,105398.52,106100.0,105250.85,105681.14,1163.77127,binance,BTCUSDT,4h
2025-07-02 00:00:00+00:00,105681.13,106216.08,105100.19,106194.7,1453.64233,binance,BTCUSDT,4h
2025-07-02 04:00:00+00:00,106194.7,107186.78,106131.55,107080.0,1903.51108,binance,BTCUSDT,4h
2025-07-02 08:00:00+00:00,107080.0,107860.23,107080.0,107479.99,2147.6808,binance,BTCUSDT,4h
2025-07-02 12:00:00+00:00,107479.98,108759.2,107186.1,108737.74,3227.14121,binance,BTCUSDT,4h
2025-07-02 16:00:00+00:00,108737.75,109730.0,108650.97,109676.14,5656.10907,binance,BTCUSDT,4h
2025-07-02 20:00:00+00:00,109676.14,109676.14,108720.0,108849.6,3303.81143,binance,BTCUSDT,4h
2025-07-03 00:00:00+00:00,108849.59,109115.03,108530.4,108628.21,1439.99562,binance,BTCUSDT,4h
2025-07-03 04:00:00+00:00,108628.2,109548.0,108566.14,109280.0,1560.58968,binance,BTCUSDT,4h
2025-07-03 08:00:00+00:00,109279.99,110273.21,109279.99,109599.19,3249.5488,binance,BTCUSDT,4h
2025-07-03 12:00:00+00:00,109599.18,110529.18,108749.99,109127.84,4201.7259,binance,BTCUSDT,4h
2025-07-03 16:00:00+00:00,109127.85,109910.1,109020.8,109803.41,1688.44383,binance,BTCUSDT,4h
2025-07-03 20:00:00+00:00,109803.41,110000.0,109510.0,109584.78,906.77842,binance,BTCUSDT,4h
2025-07-04 00:00:00+00:00,109584.77,109767.59,109103.71,109235.57,1002.72236,binance,BTCUSDT,4h
2025-07-04 04:00:00+00:00,109235.58,109329.6,108700.0,108700.0,1609.06105,binance,BTCUSDT,4h
2025-07-04 08:00:00+00:00,108700.0,109111.0,108518.83,108888.0,1086.39121,binance,BTCUSDT,4h
2025-07-04 12:00:00+00:00,108888.0,108978.64,107505.0,107573.29,3616.08946,binance,BTCUSDT,4h
2025-07-04 16:00:00+00:00,107573.29,107922.5,107245.0,107469.23,3431.70312,binance,BTCUSDT,4h
2025-07-04 20:00:00+00:00,107469.22,108279.33,107440.63,107984.24,1047.89895,binance,BTCUSDT,4h
2025-07-05 00:00:00+00:00,107984.25,108259.99,107756.31,108154.72,766.63785,binance,BTCUSDT,4h
2025-07-05 04:00:00+00:00,108154.72,108420.56,108000.0,108053.46,660.13042,binance,BTCUSDT,4h
2025-07-05 08:00:00+00:00,108053.46,108219.19,107870.42,108112.21,675.37974,binance,BTCUSDT,4h
2025-07-05 12:00:00+00:00,108112.2,108232.29,107971.0,108058.0,564.4708,binance,BTCUSDT,4h
2025-07-05 16:00:00+00:00,108058.0,108167.23,107864.75,108141.78,586.1961,binance,BTCUSDT,4h
2025-07-05 20:00:00+00:00,108141.78,108250.0,107993.39,108198.12,484.16079,binance,BTCUSDT,4h
2025-07-06 00:00:00+00:00,108198.12,108268.35,108025.97,108050.49,397.25464,binance,BTCUSDT,4h
2025-07-06 04:00:00+00:00,108050.49,108218.0,107930.45,108040.31,497.89684,binance,BTCUSDT,4h
2025-07-06 08:00:00+00:00,108040.31,108111.0,107800.01,108076.01,740.99603,binance,BTCUSDT,4h
2025-07-06 12:00:00+00:00,108076.0,109127.03,108045.76,108905.99,2193.35606,binance,BTCUSDT,4h
2025-07-06 16:00:00+00:00,108906.0,108966.62,108266.67,108538.46,922.00834,binance,BTCUSDT,4h
2025-07-06 20:00:00+00:00,108538.45,109700.0,108536.86,109203.84,1696.09509,binance,BTCUSDT,4h
2025-07-07 00:00:00+00:00,109203.85,109700.0,108679.75,109389.47,1313.66179,binance,BTCUSDT,4h
2025-07-07 04:00:00+00:00,109389.46,109447.54,108654.94,109061.08,1068.89272,binance,BTCUSDT,4h
2025-07-07 08:00:00+00:00,109061.07,109087.86,108572.52,108642.01,1793.43934,binance,BTCUSDT,4h
2025-07-07 12:00:00+00:00,108642.01,108660.0,107970.0,108292.59,2516.39623,binance,BTCUSDT,4h
2025-07-07 16:00:00+00:00,108292.59,108493.56,107513.2,108056.68,1826.11433,binance,BTCUSDT,4h
2025-07-07 20:00:00+00:00,108056.67,108300.0,107800.01,108262.94,886.8716,binance,BTCUSDT,4h
2025-07-08 00:00:00+00:00,108262.94,108525.0,107429.57,107901.52,2011.55999,binance,BTCUSDT,4h
2025-07-08 04:00:00+00:00,107901.52,108499.0,107750.0,108484.61,1010.06569,binance,BTCUSDT,4h
2025-07-08 08:00:00+00:00,108484.61,109005.0,108229.15,108756.37,1314.23794,binance,BTCUSDT,4h
2025-07-08 12:00:00+00:00,108756.37,109216.56,108217.07,108268.35,1848.45054,binance,BTCUSDT,4h
2025-07-08 16:00:00+00:00,108268.35,109147.56,108096.55,108771.88,2426.90745,binance,BTCUSDT,4h
2025-07-08 20:00:00+00:00,108771.87,108974.0,108624.0,108922.98,604.79919,binance,BTCUSDT,4h
2025-07-09 00:00:00+00:00,108922.99,109136.0,108348.0,108376.41,994.80226,binance,BTCUSDT,4h
2025-07-09 04:00:00+00:00,108376.41,108942.2,108324.53,108714.39,1001.59915,binance,BTCUSDT,4h
2025-07-09 08:00:00+00:00,108714.39,109117.0,108553.18,109058.27,1275.99616,binance,BTCUSDT,4h
2025-07-09 12:00:00+00:00,109058.27,109769.39,108503.0,109071.32,4108.39131,binance,BTCUSDT,4h
2025-07-09 16:00:00+00:00,109071.32,111999.79,109047.49,111750.0,6338.57455,binance,BTCUSDT,4h
2025-07-09 20:00:00+00:00,111749.99,111952.33,110559.4,111233.99,3562.92307,binance,BTCUSDT,4h
2025-07-10 00:00:00+00:00,111234.0,111581.0,110880.0,111074.51,1687.73466,binance,BTCUSDT,4h
2025-07-10 04:00:00+00:00,111074.52,111432.46,110898.0,111230.0,1667.11413,binance,BTCUSDT,4h
2025-07-10 08:00:00+00:00,111229.99,111398.96,110870.33,111019.99,1407.79297,binance,BTCUSDT,4h
2025-07-10 12:00:00+00:00,111019.99,111408.41,110500.0,111408.4,2221.21737,binance,BTCUSDT,4h
2025-07-10 16:00:00+00:00,111408.4,113788.23,111322.32,113301.81,7461.037691,binance,BTCUSDT,4h
2025-07-10 20:00:00+00:00,113301.8,116868.0,113270.98,116010.0,10438.553844,binance,BTCUSDT,4h
2025-07-11 00:00:00+00:00,116010.01,116950.0,115222.22,116881.7,4456.671301,binance,BTCUSDT,4h
2025-07-11 04:00:00+00:00,116881.69,118404.22,116500.0,117526.88,7940.173377,binance,BTCUSDT,4h
2025-07-11 08:00:00+00:00,117526.88,118869.98,117526.88,117821.91,4664.06161,binance,BTCUSDT,4h
2025-07-11 12:00:00+00:00,117821.91,118259.24,116724.66,116902.59,4711.37408,binance,BTCUSDT,4h
2025-07-11 16:00:00+00:00,116902.58,118138.75,116604.87,118108.81,2754.72647,binance,BTCUSDT,4h
2025-07-11 20:00:00+00:00,118108.81,118108.81,117146.8,117527.66,1346.51431,binance,BTCUSDT,4h
2025-07-12 00:00:00+00:00,117527.66,117847.66,117141.13,117774.42,1268.81982,binance,BTCUSDT,4h
2025-07-12 04:00:00+00:00,117774.42,118054.79,117506.37,117731.99,1157.69575,binance,BTCUSDT,4h
2025-07-12 08:00:00+00:00,117731.99,118200.0,117625.0,117810.0,1459.36466,binance,BTCUSDT,4h
2025-07-12 12:00:00+00:00,117810.0,117861.19,116900.05,117100.01,2887.39027,binance,BTCUSDT,4h
2025-07-12 16:00:00+00:00,117100.0,117639.98,117045.86,117550.96,961.54328,binance,BTCUSDT,4h
2025-07-12 20:00:00+00:00,117550.96,117563.75,117000.01,117420.0,711.79059,binance,BTCUSDT,4h
2025-07-13 00:00:00+00:00,117420.0,117824.76,117224.79,117753.6,696.41148,binance,BTCUSDT,4h
2025-07-13 04:00:00+00:00,117753.59,118054.79,117684.22,117999.0,867.97982,binance,BTCUSDT,4h
2025-07-13 08:00:00+00:00,117998.99,118086.66,117689.63,118072.01,685.44893,binance,BTCUSDT,4h
2025-07-13 12:00:00+00:00,118072.01,119376.0,117989.53,118672.24,3891.104317,binance,BTCUSDT,4h
2025-07-13 16:00:00+00:00,118672.23,119488.0,118382.56,118961.08,1749.40157,binance,BTCUSDT,4h
2025-07-13 20:00:00+00:00,118961.09,119367.37,118243.68,119086.64,1660.44683,binance,BTCUSDT,4h
2025-07-14 00:00:00+00:00,119086.65,121492.48,118905.18,120750.24,5418.532886,binance,BTCUSDT,4h
2025-07-14 04:00:00+00:00,120750.25,123218.0,120557.63,122736.04,6981.800221,binance,BTCUSDT,4h
2025-07-14 08:00:00+00:00,122736.04,122769.19,121355.55,121467.24,3279.33527,binance,BTCUSDT,4h
2025-07-14 12:00:00+00:00,121467.23,122120.0,119611.7,119878.23,6047.71252,binance,BTCUSDT,4h
2025-07-14 16:00:00+00:00,119878.22,120526.03,119202.0,119939.41,4127.24496,binance,BTCUSDT,4h
2025-07-14 20:00:00+00:00,119939.42,120447.0,119522.72,119841.18,1414.72302,binance,BTCUSDT,4h
2025-07-15 00:00:00+00:00,119841.17,119940.83,116840.01,117148.47,6623.40172,binance,BTCUSDT,4h
2025-07-15 04:00:00+00:00,117148.46,117765.4,116250.0,116779.12,5478.80575,binance,BTCUSDT,4h
2025-07-15 08:00:00+00:00,116779.13,117224.08,116300.0,117113.98,3612.34292,binance,BTCUSDT,4h
2025-07-15 12:00:00+00:00,117113.98,118490.71,115736.92,116391.43,8662.27705,binance,BTCUSDT,4h
2025-07-15 16:00:00+00:00,116391.43,117800.6,116019.05,116416.07,5395.39361,binance,BTCUSDT,4h
2025-07-15 20:00:00+00:00,116416.07,117972.86,116192.27,117758.09,2246.23978,binance,BTCUSDT,4h
2025-07-16 00:00:00+00:00,117758.08,118195.0,117017.29,117482.67,2060.70862,binance,BTCUSDT,4h
2025-07-16 04:00:00+00:00,117482.67,118300.0,117275.63,118189.25,1653.72862,binance,BTCUSDT,4h
2025-07-16 08:00:00+00:00,118189.24,119310.75,118113.82,118769.06,2658.37376,binance,BTCUSDT,4h
2025-07-16 12:00:00+00:00,118769.06,119794.8,118181.14,119095.76,4851.16642,binance,BTCUSDT,4h
2025-07-16 16:00:00+00:00,119095.76,119904.13,118471.38,119230.16,2877.33424,binance,BTCUSDT,4h
2025-07-16 20:00:00+00:00,119230.16,120063.84,118420.0,118630.43,2938.59685,binance,BTCUSDT,4h
2025-07-17 00:00:00+00:00,118630.44,119158.28,117683.53,118128.8,2234.06203,binance,BTCUSDT,4h
2025-07-17 04:00:00+00:00,118128.8,118772.0,117857.03,118311.75,2080.63383,binance,BTCUSDT,4h
2025-07-17 08:00:00+00:00,118311.75,119192.0,117974.99,117995.0,2041.88316,binance,BTCUSDT,4h
2025-07-17 12:00:00+00:00,117995.0,119073.46,117453.57,118881.99,3175.79483,binance,BTCUSDT,4h
2025-07-17 16:00:00+00:00,118881.99,119880.13,118333.6,118959.66,2433.94045,binance,BTCUSDT,4h
2025-07-17 20:00:00+00:00,118959.66,120998.71,118383.97,119177.56,3762.26221,binance,BTCUSDT,4h
2025-07-18 00:00:00+00:00,119177.56,120785.49,119020.48,120223.09,2672.86935,binance,BTCUSDT,4h
2025-07-18 04:00:00+00:00,120223.08,120820.71,119287.72,119339.51,3649.17934,binance,BTCUSDT,4h
2025-07-18 08:00:00+00:00,119339.51,119469.21,118395.0,119171.34,3814.49483,binance,BTCUSDT,4h
2025-07-18 12:00:00+00:00,119171.35,119531.48,117315.69,117860.25,5020.77844,binance,BTCUSDT,4h
2025-07-18 16:00:00+00:00,117860.24,118054.92,117120.53,117374.76,2564.58563,binance,BTCUSDT,4h
2025-07-18 20:00:00+00:00,117374.75,118021.62,116812.76,117924.84,2202.75507,binance,BTCUSDT,4h
2025-07-19 00:00:00+00:00,117924.84,118371.42,117613.35,118322.54,1323.00452,binance,BTCUSDT,4h
2025-07-19 04:00:00+00:00,118322.53,118364.0,118044.19,118163.06,828.72543,binance,BTCUSDT,4h
2025-07-19 08:00:00+00:00,118163.07,118499.9,117943.25,118327.06,1123.42732,binance,BTCUSDT,4h
2025-07-19 12:00:00+00:00,118327.05,118327.06,117627.71,118058.11,1656.6673,binance,BTCUSDT,4h
2025-07-19 16:00:00+00:00,118058.1,118161.51,117605.26,118007.88,780.27633,binance,BTCUSDT,4h
2025-07-19 20:00:00+00:00,118007.88,118141.0,117277.34,117840.0,923.70216,binance,BTCUSDT,4h
2025-07-20 00:00:00+00:00,117840.01,118165.38,117650.0,117958.01,1216.03617,binance,BTCUSDT,4h
2025-07-20 04:00:00+00:00,117958.0,118218.0,117760.67,118029.49,940.72723,binance,BTCUSDT,4h
2025-07-20 08:00:00+00:00,118029.49,118277.17,117819.88,117878.46,1800.2823,binance,BTCUSDT,4h
2025-07-20 12:00:00+00:00,117878.46,118799.8,117723.23,118671.11,3280.10469,binance,BTCUSDT,4h
2025-07-20 16:00:00+00:00,118671.12,118856.8,117960.0,118155.01,2119.12806,binance,BTCUSDT,4h
2025-07-20 20:00:00+00:00,118155.0,118263.0,116467.02,117265.12,3606.65044,binance,BTCUSDT,4h
2025-07-21 00:00:00+00:00,117265.11,118614.7,116515.0,118404.0,2794.62163,binance,BTCUSDT,4h
2025-07-21 04:00:00+00:00,118404.01,119676.73,118188.95,119362.67,2783.66639,binance,BTCUSDT,4h
2025-07-21 08:00:00+00:00,119364.18,119500.0,118070.16,118070.17,2511.88984,binance,BTCUSDT,4h
2025-07-21 12:00:00+00:00,118070.17,119233.71,117778.7,118313.16,3505.38294,binance,BTCUSDT,4h
2025-07-21 16:00:00+00:00,118313.16,118399.1,116666.0,116767.67,3816.98929,binance,BTCUSDT,4h
2025-07-21 20:00:00+00:00,116767.67,117633.66,116656.88,117380.36,1694.78119,binance,BTCUSDT,4h
2025-07-22 00:00:00+00:00,117380.36,117950.0,116128.0,117210.0,3707.46413,binance,BTCUSDT,4h
2025-07-22 04:00:00+00:00,117210.0,118594.55,116552.18,117983.68,4279.84175,binance,BTCUSDT,4h
2025-07-22 08:00:00+00:00,117983.69,119188.3,117488.19,119154.99,3376.79135,binance,BTCUSDT,4h
2025-07-22 12:00:00+00:00,119154.99,119573.53,117550.0,118912.04,4597.23931,binance,BTCUSDT,4h
2025-07-22 16:00:00+00:00,118912.04,120183.96,118368.19,119282.1,3067.62854,binance,BTCUSDT,4h
2025-07-22 20:00:00+00:00,119282.11,120247.8,119203.2,119954.42,1930.16465,binance,BTCUSDT,4h
2025-07-23 00:00:00+00:00,119954.43,120090.0,118532.96,118614.17,2068.11927,binance,BTCUSDT,4h
2025-07-23 04:00:00+00:00,118614.16,119006.05,118288.2,118350.35,1564.23355,binance,BTCUSDT,4h
2025-07-23 08:00:00+00:00,118350.35,118619.79,117844.24,118538.46,1801.10341,binance,BTCUSDT,4h
2025-07-23 12:00:00+00:00,118538.46,118708.24,117301.0,118567.39,4037.18842,binance,BTCUSDT,4h
2025-07-23 16:00:00+00:00,118567.39,118567.39,117331.63,118393.64,2651.82367,binance,BTCUSDT,4h
2025-07-23 20:00:00+00:00,118393.64,118756.0,117381.8,118755.99,2436.28251,binance,BTCUSDT,4h
2025-07-24 00:00:00+00:00,118756.0,119273.36,118466.71,118488.92,1878.28334,binance,BTCUSDT,4h
2025-07-24 04:00:00+00:00,118488.92,118610.25,117103.1,118416.21,3786.93245,binance,BTCUSDT,4h
2025-07-24 08:00:00+00:00,118416.21,118814.47,117955.59,118600.0,2404.15809,binance,BTCUSDT,4h
2025-07-24 12:00:00+00:00,118600.0,119450.0,117832.32,119092.65,4139.29216,binance,BTCUSDT,4h
2025-07-24 16:00:00+00:00,119092.65,119395.81,118350.0,118943.42,2166.82662,binance,BTCUSDT,4h
2025-07-24 20:00:00+00:00,118943.42,119010.64,118166.94,118340.99,1431.39777,binance,BTCUSDT,4h
2025-07-25 00:00:00+00:00,118340.98,118451.57,115330.86,115419.66,11127.20493,binance,BTCUSDT,4h
2025-07-25 04:00:00+00:00,115419.65,116144.63,114723.16,115320.01,8835.25163,binance,BTCUSDT,4h
2025-07-25 08:00:00+00:00,115320.01,116782.13,115008.85,116543.58,7216.21136,binance,BTCUSDT,4h
2025-07-25 12:00:00+00:00,116543.59,116656.99,114908.0,115727.08,6361.79335,binance,BTCUSDT,4h
2025-07-25 16:00:00+00:00,115727.07,116997.21,115455.46,116688.6,3089.40882,binance,BTCUSDT,4h
2025-07-25 20:00:00+00:00,116688.6,117630.0,116578.02,117614.31,1776.47864,binance,BTCUSDT,4h
2025-07-26 00:00:00+00:00,117614.31,117750.0,117138.38,117489.62,1222.24277,binance,BTCUSDT,4h
2025-07-26 04:00:00+00:00,117489.61,117547.92,117304.46,117304.47,1006.48005,binance,BTCUSDT,4h
2025-07-26 08:00:00+00:00,117304.47,118217.45,117304.46,117776.11,1549.30958,binance,BTCUSDT,4h
2025-07-26 12:00:00+00:00,117776.1,118220.0,117772.13,118130.1,1303.59734,binance,BTCUSDT,4h
2025-07-26 16:00:00+00:00,118130.1,118297.35,117941.96,118232.11,1051.39337,binance,BTCUSDT,4h
2025-07-26 20:00:00+00:00,118232.11,118276.66,117883.86,117919.99,858.64895,binance,BTCUSDT,4h
2025-07-27 00:00:00+00:00,117919.99,118358.18,117825.5,118182.83,1007.50696,binance,BTCUSDT,4h
2025-07-27 04:00:00+00:00,118182.83,118438.83,118066.74,118095.95,808.21213,binance,BTCUSDT,4h
2025-07-27 08:00:00+00:00,118095.95,118292.86,117859.98,118072.71,835.9696,binance,BTCUSDT,4h
2025-07-27 12:00:00+00:00,118072.71,118588.0,117890.0,118585.74,1586.05165,binance,BTCUSDT,4h
2025-07-27 16:00:00+00:00,118585.75,119540.01,118585.75,118960.0,3418.37234,binance,BTCUSDT,4h
2025-07-27 20:00:00+00:00,118960.01,119766.65,118713.74,119415.55,1672.19651,binance,BTCUSDT,4h
2025-07-28 00:00:00+00:00,119415.56,119800.0,118960.5,119287.99,1824.53168,binance,BTCUSDT,4h
2025-07-28 04:00:00+00:00,119287.99,119701.07,118774.31,118900.0,2360.0622,binance,BTCUSDT,4h
2025-07-28 08:00:00+00:00,118900.01,119102.69,118475.47,118827.49,2060.1822,binance,BTCUSDT,4h
2025-07-28 12:00:00+00:00,118827.49,119093.68,117895.73,118174.9,3792.61028,binance,BTCUSDT,4h
2025-07-28 16:00:00+00:00,118174.89,118376.61,117427.5,118068.73,2575.55527,binance,BTCUSDT,4h
2025-07-28 20:00:00+00:00,118068.73,118350.01,117500.09,118062.32,1348.80591,binance,BTCUSDT,4h
2025-07-29 00:00:00+00:00,118062.32,118800.0,117450.0,118764.85,2242.87768,binance,BTCUSDT,4h
2025-07-29 04:00:00+00:00,118764.85,119273.36,118416.66,118882.37,2579.99271,binance,BTCUSDT,4h
2025-07-29 08:00:00+00:00,118882.37,119051.0,118160.87,118592.38,1962.95351,binance,BTCUSDT,4h
2025-07-29 12:00:00+00:00,118592.38,119080.81,117272.0,117400.01,4173.95638,binance,BTCUSDT,4h
2025-07-29 16:00:00+00:00,117400.02,118057.05,116950.75,117525.29,2441.06334,binance,BTCUSDT,4h
2025-07-29 20:00:00+00:00,117525.28,118000.0,117094.96,117950.76,1737.09083,binance,BTCUSDT,4h
2025-07-30 00:00:00+00:00,117950.75,118250.0,117412.53,118161.87,1226.38506,binance,BTCUSDT,4h
2025-07-30 04:00:00+00:00,118161.86,118412.11,117667.33,118123.01,1232.08963,binance,BTCUSDT,4h
2025-07-30 08:00:00+00:00,118123.0,118481.81,117358.84,117579.99,2228.01795,binance,BTCUSDT,4h
2025-07-30 12:00:00+00:00,117579.99,118792.0,117358.84,118000.01,3794.91612,binance,BTCUSDT,4h
2025-07-30 16:00:00+00:00,118000.01,118037.18,115796.23,116916.73,5721.15052,binance,BTCUSDT,4h
2025-07-30 20:00:00+00:00,116916.73,117908.4,116880.64,117840.3,1384.17703,binance,BTCUSDT,4h
2025-07-31 00:00:00+00:00,117840.29,118600.0,117781.87,118466.14,2307.57332,binance,BTCUSDT,4h
2025-07-31 04:00:00+00:00,118466.15,118922.45,118287.63,118665.97,1907.96734,binance,BTCUSDT,4h
2025-07-31 08:00:00+00:00,118665.98,118770.07,118278.91,118371.25,1290.20631,binance,BTCUSDT,4h
2025-07-31 12:00:00+00:00,118371.25,118702.1,117807.35,118306.18,3457.28095,binance,BTCUSDT,4h
2025-07-31 16:00:00+00:00,118306.18,118879.14,116763.43,116785.79,4228.22018,binance,BTCUSDT,4h
2025-07-31 20:00:00+00:00,116785.78,116990.04,115500.0,115764.08,3818.7592,binance,BTCUSDT,4h
2025-08-01 00:00:00+00:00,115764.07,116052.0,114313.13,115648.03,5440.32571,binance,BTCUSDT,4h
2025-08-01 04:00:00+00:00,115648.03,115916.43,114633.18,115081.77,2952.50734,binance,BTCUSDT,4h
2025-08-01 08:00:00+00:00,115081.76,115340.0,114116.0,115305.65,3338.52917,binance,BTCUSDT,4h
2025-08-01 12:00:00+00:00,115305.64,116019.3,113988.47,115357.82,5325.96286,binance,BTCUSDT,4h
2025-08-01 16:00:00+00:00,115357.82,115695.52,113221.93,113328.68,4135.47502,binance,BTCUSDT,4h
2025-08-01 20:00:00+00:00,113328.67,114094.08,112722.58,113297.93,3294.30196,binance,BTCUSDT,4h
2025-08-02 00:00:00+00:00,113297.92,113921.94,113198.63,113909.86,1422.97261,binance,BTCUSDT,4h
2025-08-02 04:00:00+00:00,113909.87,114063.49,113469.43,113982.49,1674.39001,binance,BTCUSDT,4h
2025-08-02 08:00:00+00:00,113982.49,114040.29,113425.58,113787.12,1135.36227,binance,BTCUSDT,4h
2025-08-02 12:00:00+00:00,113787.11,113787.12,112802.31,112840.71,1922.72871,binance,BTCUSDT,4h
2025-08-02 16:00:00+00:00,112840.7,113420.0,112003.0,112229.42,3414.70659,binance,BTCUSDT,4h
2025-08-02 20:00:00+00:00,112229.42,113058.82,112069.86,112546.35,1937.17409,binance,BTCUSDT,4h
2025-08-03 00:00:00+00:00,112546.35,113740.69,111920.0,113604.2,2106.5441,binance,BTCUSDT,4h
2025-08-03 04:00:00+00:00,113604.2,113720.16,113341.06,113700.0,764.27697,binance,BTCUSDT,4h
2025-08-03 08:00:00+00:00,113700.0,114260.31,113551.0,113862.18,1260.20877,binance,BTCUSDT,4h
2025-08-03 12:00:00+00:00,113862.19,114098.45,113579.69,113959.06,1131.56686,binance,BTCUSDT,4h
2025-08-03 16:00:00+00:00,113959.06,114799.97,113775.55,114313.19,1254.96509,binance,BTCUSDT,4h
2025-08-03 20:00:00+00:00,114313.19,114612.24,114066.56,114208.8,880.19867,binance,BTCUSDT,4h
2025-08-04 00:00:00+00:00,114208.81,115000.0,114107.6,114570.61,1525.00586,binance,BTCUSDT,4h
2025-08-04 04:00:00+00:00,114570.61,114778.5,114148.58,114652.97,1221.27307,binance,BTCUSDT,4h
2025-08-04 08:00:00+00:00,114652.98,114750.0,114217.97,114493.09,1188.64494,binance,BTCUSDT,4h
2025-08-04 12:00:00+00:00,114493.09,115466.0,114121.0,114826.0,2885.46126,binance,BTCUSDT,4h
2025-08-04 16:00:00+00:00,114826.01,115720.0,114732.65,114777.62,1843.11618,binance,BTCUSDT,4h
2025-08-04 20:00:00+00:00,114777.62,115340.0,114616.33,115055.03,1004.17785,binance,BTCUSDT,4h
2025-08-05 00:00:00+00:00,115055.03,115127.81,114256.85,114256.85,1398.92395,binance,BTCUSDT,4h
2025-08-05 04:00:00+00:00,114256.85,114500.66,113725.72,113969.7,2125.54323,binance,BTCUSDT,4h
2025-08-05 08:00:00+00:00,113969.7,115096.73,113928.87,114827.07,1593.56232,binance,BTCUSDT,4h
2025-08-05 12:00:00+00:00,114827.07,114893.13,112650.0,112934.0,4590.4684,binance,BTCUSDT,4h
2025-08-05 16:00:00+00:00,112934.0,113763.27,112815.68,113616.52,1434.52074,binance,BTCUSDT,4h
2025-08-05 20:00:00+00:00,113616.51,114228.88,113304.0,114129.75,899.77214,binance,BTCUSDT,4h
2025-08-06 00:00:00+00:00,114129.75,114139.38,113400.0,113509.97,1061.53764,binance,BTCUSDT,4h
2025-08-06 04:00:00+00:00,113509.98,114417.02,113355.13,114227.91,1437.03071,binance,BTCUSDT,4h
2025-08-06 08:00:00+00:00,114227.9,114404.23,113727.57,114226.69,1280.29764,binance,BTCUSDT,4h
2025-08-06 12:00:00+00:00,114226.68,115515.09,113579.9,115413.87,3509.68013,binance,BTCUSDT,4h
2025-08-06 16:00:00+00:00,115413.87,115716.0,114942.18,115259.99,1727.95909,binance,BTCUSDT,4h
2025-08-06 20:00:00+00:00,115260.0,115260.0,114793.01,114992.27,744.64797,binance,BTCUSDT,4h
2025-08-07 00:00:00+00:00,114992.27,115185.58,114404.22,114546.03,1192.91433,binance,BTCUSDT,4h
2025-08-07 04:00:00+00:00,114546.03,114876.79,114259.0,114787.99,1290.96115,binance,BTCUSDT,4h
2025-08-07 08:00:00+00:00,114787.99,116828.93,114787.98,116519.53,3698.10885,binance,BTCUSDT,4h
2025-08-07 12:00:00+00:00,116519.54,116791.11,116035.84,116689.81,2746.73177,binance,BTCUSDT,4h
2025-08-07 16:00:00+00:00,116689.8,117520.0,115632.31,117461.98,2735.62556,binance,BTCUSDT,4h
2025-08-07 20:00:00+00:00,117461.99,117621.0,117012.0,117472.01,1804.22097,binance,BTCUSDT,4h
2025-08-08 00:00:00+00:00,117472.02,117630.0,116694.28,116737.35,2393.91974,binance,BTCUSDT,4h
2025-08-08 04:00:00+00:00,116737.34,116973.3,116401.0,116817.19,1456.27491,binance,BTCUSDT,4h
2025-08-08 08:00:00+00:00,116817.2,116914.6,116317.08,116891.51,1108.98011,binance,BTCUSDT,4h
2025-08-08 12:00:00+00:00,116891.51,117271.73,115878.71,116207.69,2540.81848,binance,BTCUSDT,4h
2025-08-08 16:00:00+00:00,116207.7,116900.0,116006.14,116453.41,1690.79713,binance,BTCUSDT,4h
2025-08-08 20:00:00+00:00,116453.41,116980.0,116319.06,116674.74,854.52241,binance,BTCUSDT,4h
2025-08-09 00:00:00+00:00,116674.74,116750.0,116299.13,116384.01,971.89236,binance,BTCUSDT,4h
2025-08-09 04:00:00+00:00,116384.01,116980.0,116339.45,116756.01,2021.01259,binance,BTCUSDT,4h
2025-08-09 08:00:00+00:00,116756.0,117944.05,116756.0,117110.0,2353.3714,binance,BTCUSDT,4h
2025-08-09 12:00:00+00:00,117110.0,117238.04,116700.01,116892.47,1382.66437,binance,BTCUSDT,4h
2025-08-09 16:00:00+00:00,116892.48,116947.16,116500.0,116535.69,1202.78039,binance,BTCUSDT,4h
2025-08-09 20:00:00+00:00,116535.68,117021.16,116359.89,116462.25,1582.41033,binance,BTCUSDT,4h
2025-08-10 00:00:00+00:00,116462.25,118500.0,116460.63,118500.0,3892.68324,binance,BTCUSDT,4h
2025-08-10 04:00:00+00:00,118500.0,118741.77,117466.34,117808.3,2444.0838,binance,BTCUSDT,4h
2025-08-10 08:00:00+00:00,117808.29,118500.0,117608.01,118330.58,1506.32503,binance,BTCUSDT,4h
2025-08-10 12:00:00+00:00,118330.58,119113.94,118232.0,118815.0,2809.2276,binance,BTCUSDT,4h
2025-08-10 16:00:00+00:00,118815.0,118944.24,118433.8,118663.08,995.85812,binance,BTCUSDT,4h
2025-08-10 20:00:00+00:00,118663.09,119311.11,118074.99,119294.01,2674.59294,binance,BTCUSDT,4h
2025-08-11 00:00:00+00:00,119294.27,122164.07,118972.59,121728.99,7626.19257,binance,BTCUSDT,4h
2025-08-11 04:00:00+00:00,121729.0,122335.16,121466.08,121537.15,4279.8879,binance,BTCUSDT,4h
2025-08-11 08:00:00+00:00,121537.14,121823.0,120286.4,120561.54,4216.26732,binance,BTCUSDT,4h
2025-08-11 12:00:00+00:00,120561.53,120667.54,119382.91,120314.4,5236.26223,binance,BTCUSDT,4h
2025-08-11 16:00:00+00:00,120314.4,120794.05,118604.17,119089.3,2812.92272,binance,BTCUSDT,4h
2025-08-11 20:00:00+00:00,119089.3,119172.63,118050.11,118686.0,2322.80155,binance,BTCUSDT,4h
2025-08-12 00:00:00+00:00,118686.0,119275.46,118593.39,118857.7,1894.63528,binance,BTCUSDT,4h
2025-08-12 04:00:00+00:00,118857.7,119158.06,118424.86,118986.72,3135.38397,binance,BTCUSDT,4h
2025-08-12 08:00:00+00:00,118986.73,119058.43,118207.47,118522.22,2346.379,binance,BTCUSDT,4h
2025-08-12 12:00:00+00:00,118522.22,119960.0,118285.0,119933.0,4914.05441,binance,BTCUSDT,4h
2025-08-12 16:00:00+00:00,119933.0,120192.1,119172.62,119665.27,2309.07117,binance,BTCUSDT,4h
2025-08-12 20:00:00+00:00,119665.27,120324.43,119485.84,120134.08,2120.5851,binance,BTCUSDT,4h
2025-08-13 00:00:00+00:00,120134.09,120192.1,119094.28,119482.01,2361.00135,binance,BTCUSDT,4h
2025-08-13 04:00:00+00:00,119482.01,119820.18,118920.92,119580.4,2324.10298,binance,BTCUSDT,4h
2025-08-13 08:00:00+00:00,119580.4,120732.94,119446.22,120570.41,3213.18528,binance,BTCUSDT,4h
2025-08-13 12:00:00+00:00,120570.41,122200.0,120106.02,120920.62,7228.67197,binance,BTCUSDT,4h
2025-08-13 16:00:00+00:00,120920.61,122839.47,120920.61,122744.21,4167.90157,binance,BTCUSDT,4h
2025-08-13 20:00:00+00:00,122744.22,123667.79,122298.2,123306.43,3915.20787,binance,BTCUSDT,4h
2025-08-14 00:00:00+00:00,123306.44,124474.0,123250.5,123337.14,3481.676316,binance,BTCUSDT,4h
2025-08-14 04:00:00+00:00,123337.14,123428.6,121313.86,121725.31,3755.65744,binance,BTCUSDT,4h
2025-08-14 08:00:00+00:00,121725.31,122045.9,120694.0,120949.67,3456.28874,binance,BTCUSDT,4h
2025-08-14 12:00:00+00:00,120949.66,121183.06,117632.0,118257.25,11617.06761,binance,BTCUSDT,4h
2025-08-14 16:00:00+00:00,118257.26,118535.0,117180.0,117945.92,3545.40524,binance,BTCUSDT,4h
2025-08-14 20:00:00+00:00,117945.92,118516.81,117302.33,118295.09,2124.85224,binance,BTCUSDT,4h
2025-08-15 00:00:00+00:00,118295.09,119077.71,118032.32,118968.91,1883.55436,binance,BTCUSDT,4h
2025-08-15 04:00:00+00:00,118968.91,119216.82,118629.58,118956.45,1732.90691,binance,BTCUSDT,4h
2025-08-15 08:00:00+00:00,118956.45,119144.5,118600.0,119006.01,1129.82607,binance,BTCUSDT,4h
2025-08-15 12:00:00+00:00,119006.01,119130.77,116827.29,117275.22,5128.8936,binance,BTCUSDT,4h
2025-08-15 16:00:00+00:00,117275.23,117882.35,116803.99,116936.27,2393.46089,binance,BTCUSDT,4h
2025-08-15 20:00:00+00:00,116936.28,117761.88,116862.5,117342.05,1354.69691,binance,BTCUSDT,4h
2025-08-16 00:00:00+00:00,117342.04,117898.99,117231.14,117429.63,1420.5255,binance,BTCUSDT,4h
2025-08-16 04:00:00+00:00,117429.63,117884.0,117278.0,117596.07,925.25596,binance,BTCUSDT,4h
2025-08-16 08:00:00+00:00,117596.07,117703.92,117143.98,117378.52,1206.0413,binance,BTCUSDT,4h
2025-08-16 12:00:00+00:00,117378.52,117825.0,117327.63,117676.7,1191.50027,binance,BTCUSDT,4h
2025-08-16 16:00:00+00:00,117676.7,117817.65,117629.94,117672.12,817.42683,binance,BTCUSDT,4h
2025-08-16 20:00:00+00:00,117672.13,117713.51,117219.34,117380.66,832.93131,binance,BTCUSDT,4h
2025-08-17 00:00:00+00:00,117380.66,117771.37,117172.21,117684.95,770.53091,binance,BTCUSDT,4h
2025-08-17 04:00:00+00:00,117684.96,118230.82,117684.95,118005.98,1109.68335,binance,BTCUSDT,4h
2025-08-17 08:00:00+00:00,118005.98,118484.0,117922.0,118308.01,1007.67549,binance,BTCUSDT,4h
2025-08-17 12:00:00+00:00,118308.0,118575.0,118059.12,118246.16,974.27271,binance,BTCUSDT,4h
2025-08-17 16:00:00+00:00,118246.15,118316.01,117321.53,117570.07,1326.17558,binance,BTCUSDT,4h
2025-08-17 20:00:00+00:00,117570.07,117995.37,117371.65,117405.01,710.30388,binance,BTCUSDT,4h
2025-08-18 00:00:00+00:00,117405.01,117543.75,115000.0,115319.0,5801.42298,binance,BTCUSDT,4h
2025-08-18 04:00:00+00:00,115319.0,115712.49,114878.71,115205.98,3433.42415,binance,BTCUSDT,4h
2025-08-18 08:00:00+00:00,115205.99,115402.51,114640.14,114947.27,2793.98984,binance,BTCUSDT,4h
2025-08-18 12:00:00+00:00,114947.27,116186.97,114825.0,116145.34,2772.17945,binance,BTCUSDT,4h
2025-08-18 16:00:00+00:00,116145.34,116800.0,115818.86,116313.99,1731.37273,binance,BTCUSDT,4h
2025-08-18 20:00:00+00:00,116314.0,116980.0,115980.32,116227.05,1213.55039,binance,BTCUSDT,4h
2025-08-19 00:00:00+00:00,116227.05,116725.69,114787.23,114810.0,2390.89748,binance,BTCUSDT,4h
2025-08-19 04:00:00+00:00,114810.01,115483.24,114366.0,114978.14,2499.12321,binance,BTCUSDT,4h
2025-08-19 08:00:00+00:00,114978.15,115650.0,114804.0,115508.71,1471.04277,binance,BTCUSDT,4h
2025-08-19 12:00:00+00:00,115508.71,115875.84,113587.68,113786.38,5294.46316,binance,BTCUSDT,4h
2025-08-19 16:00:00+00:00,113786.39,113897.58,112767.06,113132.48,3784.35052,binance,BTCUSDT,4h
2025-08-19 20:00:00+00:00,113132.49,113589.48,112732.58,112872.94,2625.5971,binance,BTCUSDT,4h
2025-08-20 00:00:00+00:00,112872.95,113636.13,112566.01,113525.91,3116.70576,binance,BTCUSDT,4h
2025-08-20 04:00:00+00:00,113525.9,113837.93,113432.0,113490.13,1367.41482,binance,BTCUSDT,4h
2025-08-20 08:00:00+00:00,113490.14,114016.77,113060.08,113666.68,2352.50644,binance,BTCUSDT,4h
2025-08-20 12:00:00+00:00,113666.69,114326.35,112380.0,113353.94,4605.43198,binance,BTCUSDT,4h
2025-08-20 16:00:00+00:00,113353.94,114444.0,113264.01,114276.66,2624.00614,binance,BTCUSDT,4h
2025-08-20 20:00:00+00:00,114276.66,114615.38,114000.0,114271.24,1570.2768,binance,BTCUSDT,4h
2025-08-21 00:00:00+00:00,114271.23,114821.76,113906.01,113954.62,1626.72781,binance,BTCUSDT,4h
2025-08-21 04:00:00+00:00,113954.62,114033.84,113582.43,113896.03,1612.36321,binance,BTCUSDT,4h
2025-08-21 08:00:00+00:00,113896.03,113990.0,113000.0,113148.66,1509.65106,binance,BTCUSDT,4h
2025-08-21 12:00:00+00:00,113148.65,113995.11,112608.64,112792.08,2521.11028,binance,BTCUSDT,4h
2025-08-21 16:00:00+00:00,112792.08,112969.47,112015.67,112193.71,2468.80417,binance,BTCUSDT,4h
2025-08-21 20:00:00+00:00,112193.71,112870.94,112067.46,112500.0,1101.03582,binance,BTCUSDT,4h
2025-08-22 00:00:00+00:00,112500.0,113525.0,112335.6,112929.24,1610.19525,binance,BTCUSDT,4h
2025-08-22 04:00:00+00:00,112929.24,113394.76,112708.81,113094.83,1656.2572,binance,BTCUSDT,4h
2025-08-22 08:00:00+00:00,113094.83,113319.3,112177.27,112320.0,1932.43574,binance,BTCUSDT,4h
2025-08-22 12:00:00+00:00,112320.01,117296.12,111684.79,116370.75,11505.26127,binance,BTCUSDT,4h
2025-08-22 16:00:00+00:00,116370.75,117429.05,116116.0,116655.79,4307.94644,binance,BTCUSDT,4h
2025-08-22 20:00:00+00:00,116655.79,117174.43,116550.96,116935.99,2115.99447,binance,BTCUSDT,4h
2025-08-23 00:00:00+00:00,116936.0,117030.0,115458.2,115568.77,2647.58419,binance,BTCUSDT,4h
2025-08-23 04:00:00+00:00,115568.77,116034.53,115551.2,115799.47,2258.18362,binance,BTCUSDT,4h
2025-08-23 08:00:00+00:00,115799.46,115861.8,115223.43,115310.13,1313.89391,binance,BTCUSDT,4h
2025-08-23 12:00:00+00:00,115310.13,115486.97,114560.0,114812.87,3027.56166,binance,BTCUSDT,4h
2025-08-23 16:00:00+00:00,114812.88,115190.74,114684.11,115133.91,1105.55067,binance,BTCUSDT,4h
2025-08-23 20:00:00+00:00,115133.92,115454.12,115001.88,115438.05,976.58792,binance,BTCUSDT,4h
2025-08-24 00:00:00+00:00,115438.06,115666.68,114934.21,115036.0,1995.92433,binance,BTCUSDT,4h
2025-08-24 04:00:00+00:00,115036.01,115283.21,114846.14,114888.19,1715.6873,binance,BTCUSDT,4h
2025-08-24 08:00:00+00:00,114888.19,115060.99,114600.0,114730.22,2223.47925,binance,BTCUSDT,4h
2025-08-24 12:00:00+00:00,114730.22,114869.41,114350.57,114400.0,2662.01905,binance,BTCUSDT,4h
2025-08-24 16:00:00+00:00,114400.01,114917.1,110680.0,112600.0,8322.01988,binance,BTCUSDT,4h
2025-08-24 20:00:00+00:00,112600.0,113692.97,111632.85,113493.59,4256.85481,binance,BTCUSDT,4h
2025-08-25 00:00:00+00:00,113493.59,113667.28,112159.0,112916.84,2384.9729,binance,BTCUSDT,4h
2025-08-25 04:00:00+00:00,112916.84,113059.52,111284.05,111511.55,4054.02521,binance,BTCUSDT,4h
2025-08-25 08:00:00+00:00,111511.56,111850.13,110929.48,111214.97,4028.25788,binance,BTCUSDT,4h
2025-08-25 12:00:00+00:00,111214.97,112580.0,110588.0,112200.64,4593.3206,binance,BTCUSDT,4h
2025-08-25 16:00:00+00:00,112200.65,112937.26,110655.01,110716.13,3109.40411,binance,BTCUSDT,4h
2025-08-25 20:00:00+00:00,110716.13,111092.54,109274.1,110111.98,7012.81309,binance,BTCUSDT,4h
2025-08-26 00:00:00+00:00,110111.98,110111.98,108666.66,109879.56,4155.39206,binance,BTCUSDT,4h
2025-08-26 04:00:00+00:00,109879.57,110547.31,109765.93,110303.2,1910.05232,binance,BTCUSDT,4h
2025-08-26 08:00:00+00:00,110303.2,110455.13,109570.34,109876.52,1852.10166,binance,BTCUSDT,4h
2025-08-26 12:00:00+00:00,109876.53,110818.6,109393.93,109666.33,4559.68511,binance,BTCUSDT,4h
2025-08-26 16:00:00+00:00,109666.34,111162.59,109450.0,111116.03,3548.51055,binance,BTCUSDT,4h
2025-08-26 20:00:00+00:00,111116.03,112371.0,110918.26,111763.22,2426.69707,binance,BTCUSDT,4h
2025-08-27 00:00:00+00:00,111763.22,111825.16,110918.26,111418.15,2172.27313,binance,BTCUSDT,4h
2025-08-27 04:00:00+00:00,111418.15,111737.26,110622.5,110725.18,1809.80294,binance,BTCUSDT,4h
2025-08-27 08:00:00+00:00,110725.19,111374.45,110345.42,111322.07,1594.26753,binance,BTCUSDT,4h
2025-08-27 12:00:00+00:00,111322.07,112625.0,111019.02,112000.0,3310.1006,binance,BTCUSDT,4h
2025-08-27 16:00:00+00:00,111999.99,112600.0,111541.23,112080.69,1902.42552,binance,BTCUSDT,4h
2025-08-27 20:00:00+00:00,112080.68,112452.05,110921.79,111262.01,2603.73903,binance,BTCUSDT,4h
2025-08-28 00:00:00+00:00,111262.01,112042.04,110862.42,112000.01,1203.77782,binance,BTCUSDT,4h
2025-08-28 04:00:00+00:00,112000.0,113360.0,111945.07,113114.11,2481.91862,binance,BTCUSDT,4h
2025-08-28 08:00:00+00:00,113114.11,113351.51,112826.22,112909.18,1419.04336,binance,BTCUSDT,4h
2025-08-28 12:00:00+00:00,112909.18,113485.9,112391.56,112678.53,3088.9335,binance,BTCUSDT,4h
2025-08-28 16:00:00+00:00,112678.53,113186.56,111901.35,111901.36,1813.29699,binance,BTCUSDT,4h
2025-08-28 20:00:00+00:00,111901.36,112575.98,111872.06,112566.9,1097.30715,binance,BTCUSDT,4h
2025-08-29 00:00:00+00:00,112566.9,112638.64,111302.27,111704.23,2123.00621,binance,BTCUSDT,4h
2025-08-29 04:00:00+00:00,111704.24,111850.56,109899.99,110019.38,4260.9718,binance,BTCUSDT,4h
2025-08-29 08:00:00+00:00,110019.38,110270.3,109414.18,110098.81,2848.31026,binance,BTCUSDT,4h
2025-08-29 12:00:00+00:00,110098.81,111517.07,108103.0,108386.23,7729.2804,binance,BTCUSDT,4h
2025-08-29 16:00:00+00:00,108386.23,108832.0,107934.24,108212.01,2605.64538,binance,BTCUSDT,4h
2025-08-29 20:00:00+00:00,108212.01,108549.99,107463.9,108377.4,3013.0964,binance,BTCUSDT,4h
2025-08-30 00:00:00+00:00,108377.4,108436.21,107350.1,108436.2,3244.13736,binance,BTCUSDT,4h
2025-08-30 04:00:00+00:00,108436.21,108697.28,108120.0,108524.26,3052.32523,binance,BTCUSDT,4h
2025-08-30 08:00:00+00:00,108524.26,108777.43,108400.0,108680.01,1416.9539,binance,BTCUSDT,4h
2025-08-30 12:00:00+00:00,108680.01,108926.15,108190.52,108869.98,1540.53972,binance,BTCUSDT,4h
2025-08-30 16:00:00+00:00,108869.98,108900.0,108625.46,108828.33,677.58629,binance,BTCUSDT,4h
2025-08-30 20:00:00+00:00,108828.32,108838.27,108468.77,108816.33,776.84909,binance,BTCUSDT,4h
2025-08-31 00:00:00+00:00,108816.33,109480.02,108801.35,109223.84,1756.83146,binance,BTCUSDT,4h
2025-08-31 04:00:00+00:00,109223.84,109231.41,108523.49,108708.26,1177.25929,binance,BTCUSDT,4h
2025-08-31 08:00:00+00:00,108708.25,109100.0,108303.21,108389.76,1590.89462,binance,BTCUSDT,4h
2025-08-31 12:00:00+00:00,108389.77,108858.43,108191.29,108818.69,2441.88905,binance,BTCUSDT,4h
2025-08-31 16:00:00+00:00,108818.69,109237.51,108555.0,108930.0,1232.50315,binance,BTCUSDT,4h
2025-08-31 20:00:00+00:00,108930.0,109230.0,108076.93,108246.35,1290.13839,binance,BTCUSDT,4h
2025-09-01 00:00:00+00:00,108246.36,108482.98,107393.0,107660.01,3206.34097,binance,BTCUSDT,4h
2025-09-01 04:00:00+00:00,107660.0,109432.99,107255.0,109432.99,2904.1728,binance,BTCUSDT,4h
2025-09-01 08:00:00+00:00,109432.99,109912.4,108186.41,108782.88,3111.29125,binance,BTCUSDT,4h
2025-09-01 12:00:00+00:00,108782.89,109520.0,108566.0,108784.33,2266.34513,binance,BTCUSDT,4h
2025-09-01 16:00:00+00:00,108784.33,109329.65,108391.3,109217.64,1553.15049,binance,BTCUSDT,4h
2025-09-01 20:00:00+00:00,109217.65,109442.95,107459.49,109237.42,3012.30155,binance,BTCUSDT,4h
2025-09-02 00:00:00+00:00,109237.43,110623.97,108883.8,110322.18,3166.02008,binance,BTCUSDT,4h
2025-09-02 04:00:00+00:00,110322.19,110610.5,110000.0,110233.92,1952.71608,binance,BTCUSDT,4h
2025-09-02 08:00:00+00:00,110233.91,110711.1,109563.87,109733.34,2462.01591,binance,BTCUSDT,4h
2025-09-02 12:00:00+00:00,109733.33,111771.52,108393.39,110829.17,6768.89317,binance,BTCUSDT,4h
2025-09-02 16:00:00+00:00,110829.16,111119.58,110200.0,110806.0,2585.23037,binance,BTCUSDT,4h
2025-09-02 20:00:00+00:00,110806.01,111538.17,110716.77,111240.01,1575.41195,binance,BTCUSDT,4h
2025-09-03 00:00:00+00:00,111240.01,111782.21,110892.14,111054.01,2263.61693,binance,BTCUSDT,4h
2025-09-03 04:00:00+00:00,111054.0,111151.99,110528.71,111099.88,1539.69973,binance,BTCUSDT,4h
2025-09-03 08:00:00+00:00,111099.87,111708.0,110889.29,111437.77,1514.83708,binance,BTCUSDT,4h
2025-09-03 12:00:00+00:00,111437.77,112500.0,111031.61,112222.74,3550.00487,binance,BTCUSDT,4h
2025-09-03 16:00:00+00:00,112222.73,112575.27,111686.24,112193.74,1957.30873,binance,BTCUSDT,4h
2025-09-03 20:00:00+00:00,112193.74,112250.0,111613.98,111705.71,948.2535,binance,BTCUSDT,4h
2025-09-04 00:00:00+00:00,111705.72,112180.0,111136.0,111148.97,1484.75903,binance,BTCUSDT,4h
2025-09-04 04:00:00+00:00,111148.97,111318.84,110279.68,110463.36,2293.72804,binance,BTCUSDT,4h
2025-09-04 08:00:00+00:00,110463.36,111154.93,110415.72,110810.0,1251.00126,binance,BTCUSDT,4h
2025-09-04 12:00:00+00:00,110810.0,111123.99,109329.12,109510.31,3057.95062,binance,BTCUSDT,4h
2025-09-04 16:00:00+00:00,109510.32,110218.39,109363.26,109799.99,2124.63495,binance,BTCUSDT,4h
2025-09-04 20:00:00+00:00,109800.0,111765.31,109755.59,110730.87,1991.06146,binance,BTCUSDT,4h
2025-09-05 00:00:00+00:00,110730.87,111482.09,110435.75,111311.77,1665.5758,binance,BTCUSDT,4h
2025-09-05 04:00:00+00:00,111311.78,112999.0,111144.51,112954.32,3481.17531,binance,BTCUSDT,4h
2025-09-05 08:00:00+00:00,112954.32,112985.0,112131.02,112354.0,1956.82884,binance,BTCUSDT,4h
2025-09-05 12:00:00+00:00,112354.0,113384.62,110286.91,110716.82,9805.88987,binance,BTCUSDT,4h
2025-09-05 16:00:00+00:00,110716.82,111627.51,110206.96,111614.54,2167.09419,binance,BTCUSDT,4h
2025-09-05 20:00:00+00:00,111614.54,111700.0,110375.6,110659.99,2510.84487,binance,BTCUSDT,4h
2025-09-06 00:00:00+00:00,110660.0,111307.7,110552.56,111082.22,800.18218,binance,BTCUSDT,4h
2025-09-06 04:00:00+00:00,111082.23,111082.23,110687.69,110825.6,687.98406,binance,BTCUSDT,4h
2025-09-06 08:00:00+00:00,110825.59,110968.0,110675.58,110781.02,621.90211,binance,BTCUSDT,4h
2025-09-06 12:00:00+00:00,110781.03,110999.83,110358.11,110384.15,886.00942,binance,BTCUSDT,4h
2025-09-06 16:00:00+00:00,110384.16,110402.0,109977.0,110038.41,1391.66059,binance,BTCUSDT,4h
2025-09-06 20:00:00+00:00,110038.42,110282.82,110034.44,110187.97,612.56061,binance,BTCUSDT,4h
2025-09-07 00:00:00+00:00,110187.98,110733.12,110180.0,110629.15,948.63792,binance,BTCUSDT,4h
2025-09-07 04:00:00+00:00,110629.15,110911.42,110463.1,110753.42,872.74711,binance,BTCUSDT,4h
2025-09-07 08:00:00+00:00,110753.41,111377.19,110720.01,111292.13,1214.41306,binance,BTCUSDT,4h
2025-09-07 12:00:00+00:00,111292.12,111412.0,111042.6,111329.99,837.52385,binance,BTCUSDT,4h
2025-09-07 16:00:00+00:00,111329.99,111371.35,110861.2,111259.99,940.48526,binance,BTCUSDT,4h
2025-09-07 20:00:00+00:00,111259.99,111600.0,111001.45,111137.34,867.49224,binance,BTCUSDT,4h
2025-09-08 00:00:00+00:00,111137.35,111372.0,110621.78,111052.11,1701.47085,binance,BTCUSDT,4h
2025-09-08 04:00:00+00:00,111052.11,111609.04,110899.69,111280.39,1330.12513,binance,BTCUSDT,4h
2025-09-08 08:00:00+00:00,111280.4,112186.98,111252.9,112052.43,2723.68786,binance,BTCUSDT,4h
2025-09-08 12:00:00+00:00,112052.43,112924.37,111877.64,112631.75,3018.22348,binance,BTCUSDT,4h
2025-09-08 16:00:00+00:00,112631.74,112670.06,111978.67,112097.31,1681.81458,binance,BTCUSDT,4h
2025-09-08 20:00:00+00:00,112097.31,112512.71,111896.0,112065.23,1127.08021,binance,BTCUSDT,4h
2025-09-09 00:00:00+00:00,112065.23,112104.41,111111.0,111708.0,2091.77038,binance,BTCUSDT,4h
2025-09-09 04:00:00+00:00,111708.01,113293.29,111624.12,112991.11,2906.5944,binance,BTCUSDT,4h
2025-09-09 08:00:00+00:00,112991.11,113176.51,112403.91,112433.59,1848.92022,binance,BTCUSDT,4h
2025-09-09 12:00:00+00:00,112433.59,112950.0,110766.66,110880.76,4662.13241,binance,BTCUSDT,4h
2025-09-09 16:00:00+00:00,110880.76,111388.04,110788.0,111301.53,2121.49527,binance,BTCUSDT,4h
2025-09-09 20:00:00+00:00,111301.53,111745.69,111090.07,111546.39,1748.3698,binance,BTCUSDT,4h
2025-09-10 00:00:00+00:00,111546.38,111586.26,110917.45,111545.88,1667.04272,binance,BTCUSDT,4h
2025-09-10 04:00:00+00:00,111545.88,112602.35,111372.42,112553.65,2477.2586,binance,BTCUSDT,4h
2025-09-10 08:00:00+00:00,112553.65,112859.8,112097.2,112299.99,2579.59736,binance,BTCUSDT,4h
2025-09-10 12:00:00+00:00,112300.0,114313.13,112299.99,113853.99,6630.72074,binance,BTCUSDT,4h
2025-09-10 16:00:00+00:00,113853.99,114074.46,113155.03,113574.52,2628.46871,binance,BTCUSDT,4h
2025-09-10 20:00:00+00:00,113574.53,114025.78,113528.01,113960.0,1534.3301,binance,BTCUSDT,4h
2025-09-11 00:00:00+00:00,113960.0,114434.23,113669.82,114400.01,1596.62879,binance,BTCUSDT,4h
2025-09-11 04:00:00+00:00,114400.01,114459.65,113957.2,114083.58,1954.14285,binance,BTCUSDT,4h
2025-09-11 08:00:00+00:00,114083.58,114200.0,113776.0,113999.99,1512.60333,binance,BTCUSDT,4h
2025-09-11 12:00:00+00:00,113999.99,114715.02,113430.0,114180.31,5143.69337,binance,BTCUSDT,4h
2025-09-11 16:00:00+00:00,114180.32,114605.54,114102.0,114419.99,1437.71411,binance,BTCUSDT,4h
2025-09-11 20:00:00+00:00,114420.0,115488.09,114246.04,115482.69,2031.94874,binance,BTCUSDT,4h
2025-09-12 00:00:00+00:00,115482.69,116331.81,115045.45,115194.14,3703.00155,binance,BTCUSDT,4h
2025-09-12 04:00:00+00:00,115194.14,115656.87,115086.7,115086.7,1630.41759,binance,BTCUSDT,4h
2025-09-12 08:00:00+00:00,115086.7,115273.12,114888.01,114913.45,1958.78975,binance,BTCUSDT,4h
2025-09-12 12:00:00+00:00,114913.45,115500.95,114740.99,115121.18,2042.13901,binance,BTCUSDT,4h
2025-09-12 16:00:00+00:00,115121.18,116665.63,115030.3,116632.51,3863.84437,binance,BTCUSDT,4h
2025-09-12 20:00:00+00:00,116632.51,116632.51,115752.68,116029.42,2125.91492,binance,BTCUSDT,4h
2025-09-13 00:00:00+00:00,116029.41,116298.78,115576.26,115957.0,2254.31226,binance,BTCUSDT,4h
2025-09-13 04:00:00+00:00,115957.0,115957.01,115657.81,115778.71,1062.2047,binance,BTCUSDT,4h
2025-09-13 08:00:00+00:00,115778.72,116166.71,115767.33,115974.11,1228.90503,binance,BTCUSDT,4h
2025-09-13 12:00:00+00:00,115974.11,116060.0,115603.98,115768.68,1373.33567,binance,BTCUSDT,4h
2025-09-13 16:00:00+00:00,115768.68,115817.37,115127.27,115797.12,1589.96184,binance,BTCUSDT,4h
2025-09-13 20:00:00+00:00,115797.12,115991.29,115797.11,115918.29,760.68444,binance,BTCUSDT,4h
2025-09-14 00:00:00+00:00,115918.29,116109.0,115651.99,115679.98,879.64203,binance,BTCUSDT,4h
2025-09-14 04:00:00+00:00,115679.99,115936.0,115449.59,115805.39,914.78349,binance,BTCUSDT,4h
2025-09-14 08:00:00+00:00,115805.39,116165.19,115748.78,115794.91,840.40714,binance,BTCUSDT,4h
2025-09-14 12:00:00+00:00,115794.92,115878.49,115141.8,115224.01,2036.51269,binance,BTCUSDT,4h
2025-09-14 16:00:00+00:00,115224.01,115657.5,115193.9,115634.99,869.12927,binance,BTCUSDT,4h
2025-09-14 20:00:00+00:00,115634.99,116087.35,115135.0,115268.01,1167.12735,binance,BTCUSDT,4h
2025-09-15 00:00:00+00:00,115268.01,115594.9,114825.0,115445.45,1291.49944,binance,BTCUSDT,4h
2025-09-15 04:00:00+00:00,115445.46,116757.99,115400.0,115806.62,2645.45158,binance,BTCUSDT,4h
2025-09-15 08:00:00+00:00,115806.62,115806.62,114625.87,115070.0,3497.27876,binance,BTCUSDT,4h
2025-09-15 12:00:00+00:00,115070.01,115099.0,114384.0,114842.9,2995.41636,binance,BTCUSDT,4h
2025-09-15 16:00:00+00:00,114842.9,115570.0,114600.0,115307.78,1872.69025,binance,BTCUSDT,4h
2025-09-15 20:00:00+00:00,115307.78,115605.07,115200.07,115349.71,910.1751,binance,BTCUSDT,4h
2025-09-16 00:00:00+00:00,115349.71,115520.0,114945.01,115307.25,864.47636,binance,BTCUSDT,4h
2025-09-16 04:00:00+00:00,115307.26,116009.62,114930.0,115840.0,1899.99942,binance,BTCUSDT,4h
2025-09-16 08:00:00+00:00,115839.99,115981.17,115206.15,115287.83,1345.53241,binance,BTCUSDT,4h
2025-09-16 12:00:00+00:00,115287.84,115905.89,114737.11,115905.88,2622.65829,binance,BTCUSDT,4h
2025-09-16 16:00:00+00:00,115905.88,116870.76,115608.28,116800.12,2955.38019,binance,BTCUSDT,4h
2025-09-16 20:00:00+00:00,116800.13,116964.27,116584.45,116788.96,1238.86273,binance,BTCUSDT,4h
2025-09-17 00:00:00+00:00,116788.96,117077.16,116371.81,116372.04,1657.75299,binance,BTCUSDT,4h
2025-09-17 04:00:00+00:00,116372.05,117286.73,116160.22,117162.48,2485.03317,binance,BTCUSDT,4h
2025-09-17 08:00:00+00:00,117162.48,117189.86,116253.27,116258.13,1655.0881,binance,BTCUSDT,4h
2025-09-17 12:00:00+00:00,116258.12,116516.93,115432.0,115875.32,2848.33061,binance,BTCUSDT,4h
2025-09-17 16:00:00+00:00,115875.33,116333.33,114720.81,115652.02,5738.81221,binance,BTCUSDT,4h
2025-09-17 20:00:00+00:00,115652.02,116990.68,115307.33,116447.59,2369.22832,binance,BTCUSDT,4h
2025-09-18 00:00:00+00:00,116447.6,117896.0,116092.76,117581.66,3081.68078,binance,BTCUSDT,4h
2025-09-18 04:00:00+00:00,117581.67,117750.0,116888.02,117086.01,1789.62789,binance,BTCUSDT,4h
2025-09-18 08:00:00+00:00,117086.01,117413.04,117010.59,117063.4,1165.75229,binance,BTCUSDT,4h
2025-09-18 12:00:00+00:00,117063.41,117843.83,116977.59,117583.56,2416.33194,binance,BTCUSDT,4h
2025-09-18 16:00:00+00:00,117583.56,117900.0,117196.33,117450.21,1828.6235,binance,BTCUSDT,4h
2025-09-18 20:00:00+00:00,117450.21,117657.17,116612.03,117073.53,1375.21725,binance,BTCUSDT,4h
2025-09-19 00:00:00+00:00,117073.53,117459.99,116871.61,116977.58,1326.38784,binance,BTCUSDT,4h
2025-09-19 04:00:00+00:00,116977.58,117100.0,116633.86,116909.97,1538.09106,binance,BTCUSDT,4h
2025-09-19 08:00:00+00:00,116909.98,117090.36,116300.0,116394.72,1243.82831,binance,BTCUSDT,4h
2025-09-19 12:00:00+00:00,116394.72,116529.08,115464.19,115884.03,2657.87565,binance,BTCUSDT,4h
2025-09-19 16:00:00+00:00,115884.03,116136.0,115112.58,115125.12,1413.65495,binance,BTCUSDT,4h
2025-09-19 20:00:00+00:00,115125.13,115657.28,115100.0,115632.38,812.25284,binance,BTCUSDT,4h
2025-09-20 00:00:00+00:00,115632.39,115730.41,115408.47,115445.0,717.06298,binance,BTCUSDT,4h
2025-09-20 04:00:00+00:00,115445.0,115985.2,115409.08,115968.56,759.46126,binance,BTCUSDT,4h
2025-09-20 08:00:00+00:00,115968.56,115968.57,115664.11,115894.06,793.04586,binance,BTCUSDT,4h
2025-09-20 12:00:00+00:00,115894.05,116121.81,115804.47,115986.69,836.91424,binance,BTCUSDT,4h
2025-09-20 16:00:00+00:00,115986.7,116079.46,115698.08,115702.0,898.20806,binance,BTCUSDT,4h
2025-09-20 20:00:00+00:00,115702.0,115944.7,115603.42,115685.63,670.23512,binance,BTCUSDT,4h
2025-09-21 00:00:00+00:00,115685.63,115732.94,115441.83,115669.41,919.05922,binance,BTCUSDT,4h
2025-09-21 04:00:00+00:00,115669.42,115815.98,115487.56,115815.97,806.9398,binance,BTCUSDT,4h
2025-09-21 08:00:00+00:00,115815.98,115819.06,115329.03,115603.45,786.85295,binance,BTCUSDT,4h
2025-09-21 12:00:00+00:00,115603.45,115747.23,115473.19,115531.61,671.3204,binance,BTCUSDT,4h
2025-09-21 16:00:00+00:00,115531.62,115665.52,115209.02,115480.05,781.11646,binance,BTCUSDT,4h
2025-09-21 20:00:00+00:00,115480.05,115545.43,115188.0,115232.29,546.23336,binance,BTCUSDT,4h
2025-09-22 00:00:00+00:00,115232.29,115379.25,114150.0,114649.89,3078.59053,binance,BTCUSDT,4h
2025-09-22 04:00:00+00:00,114649.89,114649.9,111800.0,112519.99,7290.80289,binance,BTCUSDT,4h
2025-09-22 08:00:00+00:00,112520.0,112976.02,112173.52,112876.97,3052.23045,binance,BTCUSDT,4h
2025-09-22 12:00:00+00:00,112876.97,113432.76,112380.0,112815.5,3313.50245,binance,BTCUSDT,4h
2025-09-22 16:00:00+00:00,112815.5,112888.0,111936.4,112122.9,2731.51753,binance,BTCUSDT,4h
2025-09-22 20:00:00+00:00,112122.9,112977.41,111975.28,112650.99,1315.06971,binance,BTCUSDT,4h
2025-09-23 00:00:00+00:00,112650.99,112833.09,111478.0,112339.99,2398.09582,binance,BTCUSDT,4h
2025-09-23 04:00:00+00:00,112339.99,113114.01,111876.15,113090.13,2504.81638,binance,BTCUSDT,4h
2025-09-23 08:00:00+00:00,113090.13,113281.5,112683.33,112975.99,1814.57634,binance,BTCUSDT,4h
2025-09-23 12:00:00+00:00,112975.99,113290.5,112496.61,112882.19,1948.83266,binance,BTCUSDT,4h
2025-09-23 16:00:00+00:00,112882.2,112958.58,111540.2,111655.29,2394.18192,binance,BTCUSDT,4h
2025-09-23 20:00:00+00:00,111655.29,112220.54,111458.73,111998.8,1240.81718,binance,BTCUSDT,4h
2025-09-24 00:00:00+00:00,111998.8,112500.0,111683.09,111683.09,2848.03309,binance,BTCUSDT,4h
2025-09-24 04:00:00+00:00,111683.1,112779.37,111042.66,112583.54,2905.68984,binance,BTCUSDT,4h
2025-09-24 08:00:00+00:00,112583.54,113162.17,112405.62,113029.46,1567.72874,binance,BTCUSDT,4h
2025-09-24 12:00:00+00:00,113029.45,113890.0,112808.0,113346.41,2535.05067,binance,BTCUSDT,4h
2025-09-24 16:00:00+00:00,113346.4,113940.0,113163.21,113420.01,1318.69585,binance,BTCUSDT,4h
2025-09-24 20:00:00+00:00,113420.0,113647.58,113204.71,113307.0,1194.06148,binance,BTCUSDT,4h
2025-09-25 00:00:00+00:00,113307.01,113510.23,112214.74,112546.21,3049.61418,binance,BTCUSDT,4h
2025-09-25 04:00:00+00:00,112546.22,112614.43,111450.42,111766.72,2930.2095,binance,BTCUSDT,4h
2025-09-25 08:00:00+00:00,111766.73,112246.46,111283.63,111348.0,2287.76235,binance,BTCUSDT,4h
2025-09-25 12:00:00+00:00,111347.99,111729.52,110629.99,111580.77,4734.75828,binance,BTCUSDT,4h
2025-09-25 16:00:00+00:00,111580.77,111672.58,108631.51,109360.0,6129.42446,binance,BTCUSDT,4h
2025-09-25 20:00:00+00:00,109360.0,109685.72,108765.0,108994.49,2099.3808,binance,BTCUSDT,4h
2025-09-26 00:00:00+00:00,108994.49,109798.84,108809.24,109580.01,2323.19574,binance,BTCUSDT,4h
2025-09-26 04:00:00+00:00,109580.0,109625.94,108913.0,109320.02,3055.89804,binance,BTCUSDT,4h
2025-09-26 08:00:00+00:00,109320.02,109690.98,108620.07,109133.5,2675.46214,binance,BTCUSDT,4h
2025-09-26 12:00:00+00:00,109133.5,109779.73,108764.76,109027.78,3241.9244,binance,BTCUSDT,4h
2025-09-26 16:00:00+00:00,109027.79,110300.0,109027.78,109172.2,2093.42859,binance,BTCUSDT,4h
2025-09-26 20:00:00+00:00,109172.21,109687.69,109087.57,109643.46,853.107,binance,BTCUSDT,4h
2025-09-27 00:00:00+00:00,109643.46,109743.91,109324.42,109553.77,1041.65919,binance,BTCUSDT,4h
2025-09-27 04:00:00+00:00,109553.77,109742.27,109332.02,109411.2,908.84116,binance,BTCUSDT,4h
2025-09-27 08:00:00+00:00,109411.19,109477.69,109064.4,109310.21,1356.29029,binance,BTCUSDT,4h
2025-09-27 12:00:00+00:00,109310.22,109477.59,109193.0,109402.24,1151.38343,binance,BTCUSDT,4h
2025-09-27 16:00:00+00:00,109402.25,109440.0,109243.89,109424.2,590.81859,binance,BTCUSDT,4h
2025-09-27 20:00:00+00:00,109424.21,109699.98,109362.72,109635.85,452.79377,binance,BTCUSDT,4h
2025-09-28 00:00:00+00:00,109635.85,109787.75,109325.05,109436.0,822.14827,binance,BTCUSDT,4h
2025-09-28 04:00:00+00:00,109436.0,109537.8,109260.0,109513.06,569.05076,binance,BTCUSDT,4h
2025-09-28 08:00:00+00:00,109513.06,109585.39,109250.0,109369.02,862.93461,binance,BTCUSDT,4h
2025-09-28 12:00:00+00:00,109369.02,110037.93,109189.99,110037.93,1349.20291,binance,BTCUSDT,4h
2025-09-28 16:00:00+00:00,110037.92,110393.63,110008.54,110337.6,1215.77694,binance,BTCUSDT,4h
2025-09-28 20:00:00+00:00,110337.61,112350.0,110294.78,112163.95,2723.21811,binance,BTCUSDT,4h
2025-09-29 00:00:00+00:00,112163.96,112310.0,111588.07,111857.51,2297.47362,binance,BTCUSDT,4h
2025-09-29 04:00:00+00:00,111857.51,111904.34,111560.65,111865.95,1831.36016,binance,BTCUSDT,4h
2025-09-29 08:00:00+00:00,111865.96,112421.99,111865.95,112100.0,2126.24195,binance,BTCUSDT,4h
2025-09-29 12:00:00+00:00,112100.0,114231.56,111901.26,113815.57,5064.79852,binance,BTCUSDT,4h
2025-09-29 16:00:00+00:00,113815.57,114390.93,113449.74,114265.55,2716.40525,binance,BTCUSDT,4h
2025-09-29 20:00:00+00:00,114265.56,114400.0,114020.0,114311.96,1504.84055,binance,BTCUSDT,4h
2025-09-30 00:00:00+00:00,114311.97,114792.0,114040.35,114376.39,2494.38118,binance,BTCUSDT,4h
2025-09-30 04:00:00+00:00,114376.39,114376.4,113585.0,113699.23,2326.82117,binance,BTCUSDT,4h
2025-09-30 08:00:00+00:00,113699.24,113741.37,112656.27,113055.01,2869.29172,binance,BTCUSDT,4h
2025-09-30 12:00:00+00:00,113055.0,113677.23,112866.11,113106.16,2840.28661,binance,BTCUSDT,4h
2025-09-30 16:00:00+00:00,113106.15,114563.46,112800.0,114359.99,2535.88761,binance,BTCUSDT,4h
2025-09-30 20:00:00+00:00,114359.99,114754.87,113765.42,114048.93,1977.48804,binance,BTCUSDT,4h
2025-10-01 00:00:00+00:00,114048.94,114551.76,113966.67,114176.92,2042.57116,binance,BTCUSDT,4h
2025-10-01 04:00:00+00:00,114176.93,114740.0,114151.0,114539.02,1996.43364,binance,BTCUSDT,4h
2025-10-01 08:00:00+00:00,114539.02,116795.85,114484.43,116789.58,5217.93036,binance,BTCUSDT,4h
2025-10-01 12:00:00+00:00,116789.57,117649.99,116363.38,117423.73,4518.346,binance,BTCUSDT,4h
2025-10-01 16:00:00+00:00,117423.73,118199.0,116724.56,117439.53,3814.32316,binance,BTCUSDT,4h
2025-10-01 20:00:00+00:00,117439.53,118649.1,117163.25,118594.99,2446.79084,binance,BTCUSDT,4h
2025-10-02 00:00:00+00:00,118594.99,119456.92,118368.05,118733.99,4187.34775,binance,BTCUSDT,4h
2025-10-02 04:00:00+00:00,118733.99,118930.29,118279.31,118489.76,1772.36438,binance,BTCUSDT,4h
2025-10-02 08:00:00+00:00,118489.76,118926.49,118354.61,118765.73,1460.00845,binance,BTCUSDT,4h
2025-10-02 12:00:00+00:00,118765.72,119910.79,118516.39,119910.78,5099.16626,binance,BTCUSDT,4h
2025-10-02 16:00:00+00:00,119910.78,121022.07,119359.63,120836.49,4869.11141,binance,BTCUSDT,4h
2025-10-02 20:00:00+00:00,120836.49,120914.0,120072.46,120529.35,2282.83678,binance,BTCUSDT,4h
2025-10-03 00:00:00+00:00,120529.35,120550.9,119820.0,120225.89,2268.65523,binance,BTCUSDT,4h
2025-10-03 04:00:00+00:00,120225.88,120324.53,119610.59,119640.21,2293.91523,binance,BTCUSDT,4h
2025-10-03 08:00:00+00:00,119640.22,120515.89,119248.3,120334.5,3467.40526,binance,BTCUSDT,4h
2025-10-03 12:00:00+00:00,120334.51,122366.0,119881.24,122258.05,4929.42106,binance,BTCUSDT,4h
2025-10-03 16:00:00+00:00,122258.04,123894.99,121466.25,122660.99,9447.66952,binance,BTCUSDT,4h
2025-10-03 20:00:00+00:00,122661.0,122734.92,121999.33,122232.0,1529.2617,binance,BTCUSDT,4h
2025-10-04 00:00:00+00:00,122232.21,122325.6,121684.97,122243.99,1730.5772,binance,BTCUSDT,4h
2025-10-04 04:00:00+00:00,122243.99,122800.0,122219.3,122324.08,1516.17531,binance,BTCUSDT,4h
2025-10-04 08:00:00+00:00,122324.08,122539.83,121962.81,121973.26,1268.73633,binance,BTCUSDT,4h
2025-10-04 12:00:00+00:00,121973.26,122509.52,121698.88,121791.31,1464.05666,binance,BTCUSDT,4h
2025-10-04 16:00:00+00:00,121791.31,121964.95,121510.0,121959.25,1443.23464,binance,BTCUSDT,4h
2025-10-04 20:00:00+00:00,121959.25,122410.0,121871.01,122391.0,785.38664,binance,BTCUSDT,4h
2025-10-05 00:00:00+00:00,122390.99,124362.28,122136.0,123776.22,4212.02615,binance,BTCUSDT,4h
2025-10-05 04:00:00+00:00,123776.23,125708.42,123734.0,124713.63,7342.549203,binance,BTCUSDT,4h
2025-10-05 08:00:00+00:00,124713.63,124838.37,122520.24,123464.64,4455.30964,binance,BTCUSDT,4h
2025-10-05 12:00:00+00:00,123464.64,123464.65,122675.0,122803.17,2233.09004,binance,BTCUSDT,4h
2025-10-05 16:00:00+00:00,122803.17,123464.0,122301.63,122591.79,2386.1605,binance,BTCUSDT,4h
2025-10-05 20:00:00+00:00,122591.8,123548.83,122473.62,123482.31,1413.96202,binance,BTCUSDT,4h
2025-10-06 00:00:00+00:00,123482.32,124358.46,123084.0,123839.09,3025.28443,binance,BTCUSDT,4h
2025-10-06 04:00:00+00:00,123839.09,124165.56,123280.49,123390.47,2210.62835,binance,BTCUSDT,4h
2025-10-06 08:00:00+00:00,123390.47,124531.66,123390.46,124215.0,2768.21181,binance,BTCUSDT,4h
2025-10-06 12:00:00+00:00,124215.0,125408.29,124178.0,125000.0,4567.6948,binance,BTCUSDT,4h
2025-10-06 16:00:00+00:00,125000.0,126199.63,124800.0,125410.81,4722.172353,binance,BTCUSDT,4h
2025-10-06 20:00:00+00:00,125410.8,125534.0,124511.15,124658.54,2200.63705,binance,BTCUSDT,4h
2025-10-07 00:00:00+00:00,124658.54,125082.27,124101.26,124329.74,1773.60979,binance,BTCUSDT,4h
2025-10-07 04:00:00+00:00,124329.74,124654.47,123567.6,123667.99,2455.2259,binance,BTCUSDT,4h
2025-10-07 08:00:00+00:00,123668.0,124509.6,123322.9,124453.38,2444.73415,binance,BTCUSDT,4h
2025-10-07 12:00:00+00:00,124453.37,125126.0,121172.89,121846.01,7360.01455,binance,BTCUSDT,4h
2025-10-07 16:00:00+00:00,121846.01,122084.14,120574.94,121637.17,5726.896,binance,BTCUSDT,4h
2025-10-07 20:00:00+00:00,121637.18,122292.62,121258.08,121332.95,1873.51346,binance,BTCUSDT,4h
2025-10-08 00:00:00+00:00,121332.96,122229.66,121200.0,121374.75,2406.76826,binance,BTCUSDT,4h
2025-10-08 04:00:00+00:00,121374.76,121910.24,121066.14,121597.06,2670.85944,binance,BTCUSDT,4h
2025-10-08 08:00:00+00:00,121597.05,123200.0,121524.01,122884.14,3408.74044,binance,BTCUSDT,4h
2025-10-08 12:00:00+00:00,122884.14,123350.0,121649.68,122189.72,3373.3683,binance,BTCUSDT,4h
2025-10-08 16:00:00+00:00,122189.72,124197.25,122110.08,123450.0,3795.53021,binance,BTCUSDT,4h
2025-10-08 20:00:00+00:00,123450.01,123737.0,122794.4,123306.0,1357.35135,binance,BTCUSDT,4h
2025-10-09 00:00:00+00:00,123306.01,123348.32,121475.98,122038.01,2319.17839,binance,BTCUSDT,4h
2025-10-09 04:00:00+00:00,122038.01,122264.0,121724.71,121906.1,1451.1479,binance,BTCUSDT,4h
2025-10-09 08:00:00+00:00,121906.09,122833.02,121145.49,122737.57,2689.44106,binance,BTCUSDT,4h
2025-10-09 12:00:00+00:00,122737.56,123762.94,120673.99,121147.14,6566.062,binance,BTCUSDT,4h
2025-10-09 16:00:00+00:00,121147.15,121481.9,119651.47,120951.72,6174.05969,binance,BTCUSDT,4h
2025-10-09 20:00:00+00:00,120951.72,121900.0,120838.0,121662.4,2359.47103,binance,BTCUSDT,4h
2025-10-10 00:00:00+00:00,121662.41,121874.13,120900.0,121026.01,2094.68145,binance,BTCUSDT,4h
2025-10-10 04:00:00+00:00,121026.0,121754.34,120855.41,120932.05,2566.54979,binance,BTCUSDT,4h
2025-10-10 08:00:00+00:00,120932.05,121777.07,120916.44,121554.55,1553.83694,binance,BTCUSDT,4h
2025-10-10 12:00:00+00:00,121554.55,122550.0,118500.0,119018.98,7767.59253,binance,BTCUSDT,4h
2025-10-10 16:00:00+00:00,119018.99,119456.28,115952.47,116661.5,8454.54427,binance,BTCUSDT,4h
2025-10-10 20:00:00+00:00,116661.5,117214.64,102000.0,112774.5,41734.73429,binance,BTCUSDT,4h
2025-10-11 00:00:00+00:00,112774.49,113322.39,111019.43,112300.01,11533.52669,binance,BTCUSDT,4h
2025-10-11 04:00:00+00:00,112300.0,112991.16,110090.29,110384.61,7142.76272,binance,BTCUSDT,4h
2025-10-11 08:00:00+00:00,110384.6,112359.67,110162.23,112280.0,5929.13992,binance,BTCUSDT,4h
2025-10-11 12:00:00+00:00,112280.01,112500.0,111793.2,111793.2,3681.24351,binance,BTCUSDT,4h
2025-10-11 16:00:00+00:00,111793.21,112185.53,110865.82,111178.31,3138.91159,binance,BTCUSDT,4h
2025-10-11 20:00:00+00:00,111178.3,111368.29,109561.59,110644.4,4022.93209,binance,BTCUSDT,4h
2025-10-12 00:00:00+00:00,110644.4,111368.14,109565.06,110676.0,4785.58424,binance,BTCUSDT,4h
2025-10-12 04:00:00+00:00,110676.0,112125.51,110617.1,111525.2,2731.29761,binance,BTCUSDT,4h
2025-10-12 08:00:00+00:00,111525.19,112133.33,111139.87,111848.36,2810.82095,binance,BTCUSDT,4h
2025-10-12 12:00:00+00:00,111848.35,113745.84,111177.75,113198.2,9020.41664,binance,BTCUSDT,4h
2025-10-12 16:00:00+00:00,113198.2,114700.0,113198.2,114342.28,6635.34892,binance,BTCUSDT,4h
2025-10-12 20:00:00+00:00,114342.28,115770.0,114217.75,114958.8,6271.83436,binance,BTCUSDT,4h
2025-10-13 00:00:00+00:00,114958.81,115963.81,114619.45,114821.12,4123.60858,binance,BTCUSDT,4h
2025-10-13 04:00:00+00:00,114821.13,115554.83,114398.24,115399.67,3437.01313,binance,BTCUSDT,4h
2025-10-13 08:00:00+00:00,115399.66,115438.17,113616.5,114180.0,4560.86246,binance,BTCUSDT,4h
2025-10-13 12:00:00+00:00,114180.0,115530.0,113800.01,114312.1,5538.12887,binance,BTCUSDT,4h
2025-10-13 16:00:00+00:00,114312.09,115891.3,114215.79,115792.84,3368.92301,binance,BTCUSDT,4h
2025-10-13 20:00:00+00:00,115792.84,115868.0,115005.44,115031.69,1417.91903,binance,BTCUSDT,4h
