article_id,source,title,summary,content,url,published_date,fetched_date,word_count,language,reddit_score,reddit_comments
216b1f6947df,reddit_Bitcoin,FINNEY: Running Bitcoin.,,,https://reddit.com/r/Bitcoin/comments/1o5zuye/finney_running_bitcoin/,2025-10-13T18:33:21,2025-10-13T18:48:44.652086,3,en,5,0
3aad00d7573f,reddit_Bitcoin,The Problem With Wanting to Retire,"I think this mostly goes on and on on 9-5 jobs world or employee. Because if you do an art for example and have made it, you dont really retire, you already love your job, you work for yourself, and y...","I think this mostly goes on and on on 9-5 jobs world or employee. Because if you do an art for example and have made it, you dont really retire, you already love your job, you work for yourself, and you keep working because you love it or business and stuff. with that, the problem is why 9-5 even exist? where are all this glory when live is to find woods and food? why UK people dont even know their capital city? and that the capital of greece is athens? you prolly dont even know whats the capital city of finland Basically bitcoin helps those to maximalize the life of those who made it or have capital but to retire those who work 9-5 no shit sherlock",https://reddit.com/r/Bitcoin/comments/1o5zdjo/the_problem_with_wanting_to_retire/,2025-10-13T18:11:53,2025-10-13T18:48:44.652359,133,en,2,6
36f1bab9f666,reddit_Bitcoin,Selling a casascius?,"My elderly moms husband died recently, and we found a physical bitcoin in his belongings. Ive done a little research about these, and I think the coin is legit still sealed, code is hidden etc.My mom ...","My elderly moms husband died recently, and we found a physical bitcoin in his belongings. Ive done a little research about these, and I think the coin is legit still sealed, code is hidden etc.My mom is insistent on selling it  she could use the money  but for the life of me I cant figure out how exactly she would do that.",https://reddit.com/r/Bitcoin/comments/1o5z4u8/selling_a_casascius/,2025-10-13T18:01:22,2025-10-13T18:48:44.651959,65,en,6,30
880f598c8785,reddit_CryptoCurrency,"CCMOON DAO Update: October 13, 2025",Preamble: Welcome to our first major CCMOON DAO update! Were thrilled to share some important changes and directions that will strengthen our community and ensure a sustainable future for MOON holders...,"Preamble: Welcome to our first major CCMOON DAO update! Were thrilled to share some important changes and directions that will strengthen our community and ensure a sustainable future for MOON holders. First and foremost, this week marks an important milestone: our DAO officer elections posting shortly. We have vacant officer positions, and to fill them, were allowing members who dont meet the usual 50,000 MOON requirement to step up and apply. This is a great opportunity for more of you to get involved in leadership and help shape the DAO. Weve also just completed our first full month of our new revenue share model. Weve added nearly 4,500 to the treasury directly from that revenue, and this is just the beginning. Our main future goal is to formally become a Marshall Islands DAO, or MIDAO, and thats our top priority. We want everyone to be clear on that direction as we move forward. In addition to this main goal, we have other initiatives on the horizon, like integrating a DEX on our website and expanding our presence beyond Reddit. Well list these out in the detailed updates below, but we wanted to call out these major goals first so everyone understands the big picture. Now, lets dive into the specifics: 1. General Overview and useful links Weve been actively building the foundation for the DAO to grow and expand for some time. With many recent changes and updates, we want to share relevant links for our community so they can follow along as well as share opportunities with others. CCMOON DAO Constitution v 0.2.0 current version: https:docsend.comvxqhb9ccmoondaoconstitutionhttps:docsend.comvxqhb9ccmoondaoconstitution Website: https:ccmoons.comhttps:ccmoons.com rCryptoCurrency Advertising FAQ: https:docs.google.comdocumentd1mGjm3P_khN29cu1OjyYbS8LcCM-rTvEfAuieSHrpvlcedit?tabt.0https:docs.google.comdocumentd1mGjm3P_khN29cu1OjyYbS8LcCM-rTvEfAuieSHrpvlcedit?tabt.0 Governance: https:snapshot.boxs:cryptomods.ethhttps:snapshot.boxs:cryptomods.eth rCryptoCurrency Advertising Pitch Deck: https:docsend.comvxqhb9rccpitchdeckhttps:docsend.comvxqhb9rccpitchdeck Additionally, we are currently running elections for DAO officer positions 2. Treasury Overview  Total Treasury Amount:  Total:  76,865 AssetBalanceValue :-:-:- Moons815,02068,720 ETH0.836833,574 USDC2,7172,717 USDT1,1841,187 ARB1,848665  Non-Moon Value:  8,140 3. Burn Summary  Total Tokens Burned This Epoch: 33,334  Cumulative Tokens Burned: 4,153,605  Arbitrum One: 1,021,361  Arbitrum Nova: 3,132,244 4. DAO-Owned Liquidity  Current Liquidity Holdings:  USDC-MOON pair on Uniswap: 0x285b461b3d233ab24c665e9fbaf5b96352e3ed07  https:app.uniswap.orgpositionsv3arbitrum4966071https:app.uniswap.orgpositionsv3arbitrum4966071  Total Value: 2,827  USDC: 882  MOON: 1,912 22,330 MOON  Wallet Address for Tracking: 0x33D549e99bae2Ff38cA1AdB280f77151C86E1b3c  Fees Added This Period rebalanced and claimed some fees amp; wasnt able to track earlier, will make sure to make notes going forward:  USDC: 13.17  MOON: 20.22 236 MOON 5. Distribution Updates  We will transition from a fixed 33,333 MOON weekly distribution to a revenue-based model beginning in Moon Week 68.  Advertising has generated 33,172 moons in Moon Epoch 67.  Epoch add: 2,764 Moons will be distributed over the next 12 months  Total distribution for Moon Week 68: 2,764  Users now manually claim MOONs in the Community Currency App found at rCryptoCurrencyBeta, ensuring active participants benefit most. 6. Sponsorships and Partnerships  New Sponsors: Polygon has contributed 22,000 POL 5,000 USD for distribution to all registered addresses staking POL  Partners Closed This Month:  Pineapple, Concordium, Trezor, Teller, Surf AI, Rails, Vertical AI, Hege, Auki  A transparency report can be seen at https:docs.google.comspreadsheetsd1TZVE_3DCbox2bfObBXvYcOZOMNw62l6bjZfGLD-g2rAedit?gid0gid0https:docs.google.comspreadsheetsd1TZVE_3DCbox2bfObBXvYcOZOMNw62l6bjZfGLD-g2rAedit?gid0gid0 7. Community Spotlight Expansion  Update: Weve booked rCryptoMarkets spotlights for three weeks since CCIP-119https:snapshot.boxs:cryptomods.ethproposal0xd5bbab03e29125a834fa22106debd0d23840d27091644127c70de5b6ed83f4ad passed, generating 2,000 in revenue. 8. Future Plans  Main Goal: Becoming a Marshall Islands DAO MIDAO is our top priority. The cost for this is 10,000 USD.  Other Initiatives: Integrating a DEX on CCmoons.comhttp:ccmoons.com if we can get a grant, expanding to platforms beyond Reddit, explore grant opportunities, host regular live stream updates, and more",https://reddit.com/r/CryptoCurrency/comments/1o5yppa/ccmoon_dao_update_october_13_2025/,2025-10-13T17:43:38,2025-10-13T18:48:48.061081,569,en,19,22
033f14e18bed,reddit_Bitcoin,Has Bitcoin changed how you look at money and time?,"Not talking about price or profits, more about mindset. Ive noticed that the longer I stay around Bitcoin, the more it rewires how I think about saving, spending, and even planning for the future. Fee...","Not talking about price or profits, more about mindset. Ive noticed that the longer I stay around Bitcoin, the more it rewires how I think about saving, spending, and even planning for the future. Feels like once you really get the idea of scarcity, you stop seeing money as something to use up, and more like something to preserve.",https://reddit.com/r/Bitcoin/comments/1o5xi7s/has_bitcoin_changed_how_you_look_at_money_and_time/,2025-10-13T16:53:55,2025-10-13T18:48:44.652270,69,en,3,6
f1b264409eb4,reddit_Bitcoin,"He provokes ,you sell, he buys back. Keep your BTC",,,https://reddit.com/r/Bitcoin/comments/1o5w3nq/he_provokes_you_sell_he_buys_back_keep_your_btc/,2025-10-13T16:00:28,2025-10-13T18:48:44.651425,10,en,371,54
5e403e32d7b0,reddit_CryptoCurrency,Reform UKs Nigel Farage offers himself as crypto deregulation champion,,,https://reddit.com/r/CryptoCurrency/comments/1o5vvat/reform_uks_nigel_farage_offers_himself_as_crypto/,2025-10-13T15:51:54,2025-10-13T18:48:48.062470,10,en,4,7
9548a388ba18,reddit_Bitcoin,First time buying btc,"Ive always been very interested in Bitcoin, but life, bills, and other obligations kept me from investing. Starting today, Im committing to a consistent plan: 200month into BTC, 400 into my HYSA, 580 ...","Ive always been very interested in Bitcoin, but life, bills, and other obligations kept me from investing. Starting today, Im committing to a consistent plan: 200month into BTC, 400 into my HYSA, 580 into my Roth IRA, and 390 into an Samp;P 500 ETF. At age 22, I truly believe in the long-term potential of Bitcoin while also balancing safety and traditional investments. I truly belive in btc wish yall best of luck",https://reddit.com/r/Bitcoin/comments/1o5u75t/first_time_buying_btc/,2025-10-13T14:51:06,2025-10-13T18:48:44.651839,77,en,17,7
ea25db937919,reddit_CryptoCurrency,Worried about my crypto if I suddenly die,"Its been on my mind for a while, as soon as you take crypto off an exchange and put it onto a hardware wallet you take total ownership into your own hands. This is of course what crypto was invented f...","Its been on my mind for a while, as soon as you take crypto off an exchange and put it onto a hardware wallet you take total ownership into your own hands. This is of course what crypto was invented for! But seen as my wife and family know very limited information about accessing my Wallet amp; Keys which I intend on keeping this way its made me really concerned with how to pass on this information if I were to drop dead tomorrow Im trialling AngelDrop .co basically a dead mans switch that shares messages to chosen recipients if you stop checking in, obviously not uploading any sensitive information, but at least verbal instructions my wife will be able to follow to do what I need her to do. Does anyone have any other solutions?",https://reddit.com/r/CryptoCurrency/comments/1o5tn5d/worried_about_my_crypto_if_i_suddenly_die/,2025-10-13T14:30:32,2025-10-13T18:48:48.062095,144,en,14,50
82f6d317e7ee,reddit_btc,this mystery whale made 192m shorting the crash. now hes betting against bitcoin again,a wallet on hyperliquid with the address 0xb317 has everyone in crypto talking. this same trader reportedly made 192 million shorting bitcoin right before trumps tariff announcement last week. the tim...,"a wallet on hyperliquid with the address 0xb317 has everyone in crypto talking. this same trader reportedly made 192 million shorting bitcoin right before trumps tariff announcement last week. the timing was suspiciously perfect, and now theyve opened another 163 million short position on bitcoin. the new short is using 10x leverage, with liquidation around 125,500, and its already showing small profits. people are calling this wallet the insider whale because the trades line up so closely with major market moves that its hard to believe its just luck. some think the original short may have helped trigger or amplify the 19b liquidation cascade. others say its just someone whos insanely good at reading the market. either way, its rare to see one address move markets like this. binance is still cleaning up after last weeks chaos, offering 283m in compensation to traders affected by depegged tokens. nobody knows who this whale is or where the info is coming from. but if bitcoin dumps again and this wallet wins twice in a row, regulators might start paying attention.",https://reddit.com/r/btc/comments/1o5teop/this_mystery_whale_made_192m_shorting_the_crash/,2025-10-13T14:21:58,2025-10-13T18:48:51.507418,192,en,51,21
5d21afbe75d8,reddit_Bitcoin,Crypto in a nutshell,,,https://reddit.com/r/Bitcoin/comments/1o5sl1r/crypto_in_a_nutshell/,2025-10-13T13:52:50,2025-10-13T18:48:44.651484,4,en,107,25
712982855dce,reddit_CryptoCurrency,My thoughts on a bull market peak for this cycle,"After this flash crash we had this past Friday, Ive been seeing a ton of stuff about the bull market being over, that there will be no alt season, etc. However, after this flash crash Im actually more...","After this flash crash we had this past Friday, Ive been seeing a ton of stuff about the bull market being over, that there will be no alt season, etc. However, after this flash crash Im actually more much more bullish now, which Ill elaborate on. On Friday we saw the mass liquidation of a bunch of dumbasses leverage trading this market thinking that it was just going to go into a Q4 cycle peak with little to no retracement. During this, we also saw big money players stepping in and loading up on the dip. For instance, Tom Lees Fundstrat buying up almost 1 BILLION  in ETH. Im going to disregard Michael Saylors recent big purchase of BTC, because he is always buying lol. This event was the equivalent of the COVID crash of 2020 and the FTX liquidation crash of November 2022. Ben Cowen is a very popular youtuber, but Ive noticed he is getting a bit weird lately. He kept talking about his ETH target hitting cycle lows, and it went home to under .02 to BTC back in April. Meanwhile, he continued to bring up the idea that alts needed to go to .25 of the total market before we would see an alt season. However, now that this happened on Friday, he has completely changed his stance, calling for an ETH top of a little over 5k and no alt season lol. Interestingly, on multiple occasions he has brought up how in the 2017 cycle alts hit this .25 target in November of that year and the peak of alt season was January of 2018. People are so god damn bearish and fearful, yet BTC is still trading at around 115k, ETH at over 4k and ADA over 70 cents. Some other variables to consider. The clarity act is still on the table in congress, and once the government shut down ends its very likely this will pass within the next few weeks. In addition to this, there are further rate cuts on the table and global liquidity is continuing to rise. What we are seeing is eerily similar to late 2017 and Im expecting a lot of people to get wrecked. I think what is going to happen is we get a massive rally that seemingly comes out of nowhere. Youll see it talked about all over the news and retail FOMO floods into the crypto space. Things will get beyond euphoric and everyone is going to be convinced it will be a super cycle. I wouldnt be surprised to see BTC at 170k, ETH at 8kand some alts doing close to a 10x or more from here. However, the retracement will be just as impressive and happen in a matter of a few weeks. As for bear market of 2026. I think we will bottom out around 70-80k, this would be slightly above the highs of 2021, the high of March 2024 and the low of April 2025. We could definitely get into the 60k range, but I think the 50k range is a thing of the past. Target highs of the next cycle around 350-400k.",https://reddit.com/r/CryptoCurrency/comments/1o5rlk9/my_thoughts_on_a_bull_market_peak_for_this_cycle/,2025-10-13T13:17:05,2025-10-13T18:48:48.061523,533,en,87,124
6fade9505e69,reddit_CryptoCurrency,Is Crypto Ready For Q-Day? The Quantum Countdown Has Begun,,,https://reddit.com/r/CryptoCurrency/comments/1o5r1ck/is_crypto_ready_for_qday_the_quantum_countdown/,2025-10-13T12:57:34,2025-10-13T18:48:48.061845,10,en,27,69
88d6592f2fb0,reddit_Bitcoin,"DaIlY bItCoIn MeMe 21,000,000 - thank you for your attention to this shit post.",,,https://reddit.com/r/Bitcoin/comments/1o5qzhs/daily_bitcoin_meme_21000000_thank_you_for_your/,2025-10-13T12:55:45,2025-10-13T18:48:44.651745,14,en,48,4
d24a86006c88,reddit_CryptoCurrency,Bitcoin whale reveals 3.5K BTC short: Key support levels to watch next,,,https://reddit.com/r/CryptoCurrency/comments/1o5ql2g/bitcoin_whale_reveals_35k_btc_short_key_support/,2025-10-13T12:41:32,2025-10-13T18:48:48.062403,12,en,10,3
ef5cff9a15b6,reddit_Bitcoin,Generational wealth or maybe not ?,"0.0005 BTC will be more bitcoin than all the worlds miners can produce in an entire month by the year 2124. Ask yourself  will your great-grandchildren ever have access to that kind of wealth? 50,000 ...","0.0005 BTC will be more bitcoin than all the worlds miners can produce in an entire month by the year 2124. Ask yourself  will your great-grandchildren ever have access to that kind of wealth? 50,000 satoshis? Do you plan to leave anything for the next generations - even 62 worth in todays price. Or.. will you just copy all the generations that came before you and leave them with close to nothing again? Thats the question.",https://reddit.com/r/Bitcoin/comments/1o5q0v0/generational_wealth_or_maybe_not/,2025-10-13T12:21:26,2025-10-13T18:48:44.651681,82,en,77,45
77fdb81e85d9,reddit_Bitcoin,whats the best crypto exchange usa compliant right now,trying to figure out which crypto exchanges are actually usa compliant these days. a lot of sites either restrict us users or have shady terms that make me nervous about keeping funds there long term....,"trying to figure out which crypto exchanges are actually usa compliant these days. a lot of sites either restrict us users or have shady terms that make me nervous about keeping funds there long term. im mainly looking for something safe, registered, and transparent with withdrawals. low fees and a smooth interface would be a plus too. if anyone here trades often in the us, what exchange do you trust and why. really trying to avoid platforms that randomly block accounts or delay transfers.",https://reddit.com/r/Bitcoin/comments/1o5pxu1/whats_the_best_crypto_exchange_usa_compliant/,2025-10-13T12:18:33,2025-10-13T18:48:44.652033,93,en,22,13
1541bb89a513,reddit_CryptoCurrency,Strategy has acquired 220 BTC for 27.2 million,,,https://reddit.com/r/CryptoCurrency/comments/1o5pqml/strategy_has_acquired_220_btc_for_272_million/,2025-10-13T12:11:21,2025-10-13T18:48:48.061200,8,en,322,50
02bcdaa4b5d2,reddit_Bitcoin,Just saw this advertisement.,Is India going to reduce the taxes on crypto anytime soon? Hoping for a better future.,Is India going to reduce the taxes on crypto anytime soon? Hoping for a better future.,https://reddit.com/r/Bitcoin/comments/1o5p1ya/just_saw_this_advertisement/,2025-10-13T11:47:27,2025-10-13T18:48:44.651719,20,en,72,23
301f42a7f882,reddit_CryptoCurrency,BlackRock CEO Larry Fink: Bitcoin and Crypto Serve Same Purpose as Gold - Decrypt,,,https://reddit.com/r/CryptoCurrency/comments/1o5owd8/blackrock_ceo_larry_fink_bitcoin_and_crypto_serve/,2025-10-13T11:41:56,2025-10-13T18:48:48.062214,14,en,17,5
b0c92db783d8,reddit_Bitcoin,He predicted 100K Bitcoin 8 years ago and everyone laughed- Now this 4.3B Tech Founder says Bitcoin is going to 1M new podcast,"On my podcast Bitcoin for Millennials I talked with Marc van der Chijs, a Dutch tech entrepreneur who sold Chinese YouTube Tudou to Alibaba for 4.3 billion and co-founded Bitcoin mining giant Hut8. We...","On my podcast Bitcoin for Millennials I talked with Marc van der Chijs, a Dutch tech entrepreneur who sold Chinese YouTube Tudou to Alibaba for 4.3 billion and co-founded Bitcoin mining giant Hut8. We discuss how to discern the future in an age of exponential change, why AI needs Bitcoin as its foundation, how Bitcoin outlasts gold and replaces banks, and what the coming shift means for work, value, and freedom in the digital age.",https://reddit.com/r/Bitcoin/comments/1o5oq0m/he_predicted_100k_bitcoin_8_years_ago_and/,2025-10-13T11:35:33,2025-10-13T18:48:44.651598,98,en,122,28
6f520e8ef248,reddit_btc,Bitcoin Core Version 30.0 Released,,,https://reddit.com/r/btc/comments/1o5ogq4/bitcoin_core_version_300_released/,2025-10-13T11:26:24,2025-10-13T18:48:51.508029,5,en,1,1
f4f8e761f9b9,reddit_btc,LottoBTC - Decentralized Bitcoin Lottery,"Hey everyone!  Ive developed LottoBTC, a decentralized lottery system that uses the Bitcoin blockchain as a source of randomness and BTCPay Server for payments.   What makes it unique Provably fair dr...","Hey everyone!  Ive developed LottoBTC, a decentralized lottery system that uses the Bitcoin blockchain as a source of randomness and BTCPay Server for payments.   What makes it unique Provably fair draws: - Winning numbers are generated deterministically from Bitcoin block hashes - Anyone can verify the results independently - No trust required - everything is transparent on-chain Fully automated: - Draws triggered automatically every 100 blocks - Payments processed via BTCPay Server - Winners receive their prizes automatically - Progressive jackpot if nobody wins No fees taken: - I take 0 commission - I built this for fun and passion - 100 of ticket sales go into the prize pool - Only Bitcoin network fees are deducted during payouts How it works: 1. Choose 5 numbers between 1 and 21 2. Pay with Bitcoin 3. Wait for the next draw, every 100 blocks 4. Winning numbers are generated from that blocks hash 5. Winners automatically receive their prizes! Prize distribution: -  5 numbers  60 of the pot -  4 numbers  40 of the pot -  3 numbers  Ticket refund - If nobody wins the jackpot, it rolls over!   Security amp; Transparency The number generation algorithm is simple and verifiable: - Takes the block hash at the draw height - Extracts bytes deterministically - Converts to lottery numbers 1-21 - Same hash  same numbers, every time Try it out: https:lottobtc.org Id love to hear your feedback! This started as an experiment to see if we could build a truly trustless lottery system using only Bitcoins consensus layer. Feel free to ask any questions!",https://reddit.com/r/btc/comments/1o5o7gy/lottobtc_decentralized_bitcoin_lottery/,2025-10-13T11:17:11,2025-10-13T18:48:51.508244,267,en,0,3
ca8485909d57,reddit_Bitcoin,Bitcoin Homework..,,,https://reddit.com/r/Bitcoin/comments/1o5n860/bitcoin_homework/,2025-10-13T10:41:40,2025-10-13T18:48:44.651767,2,en,69,8
ad1817f0b017,reddit_btc,Found a crypto casino like Stake with no kyc,"Thought Id share this for any degens like me that love a bet. I stumbled across Rainbet after seeing this guy on TikTok username Bris playing. Hes Australian, which caught my attention because technic...","Thought Id share this for any degens like me that love a bet. I stumbled across Rainbet after seeing this guy on TikTok username Bris playing. Hes Australian, which caught my attention because technically he shouldnt even be able to use most online casinos. Turns out Rainbet doesnt require kyc, you literally just sign up with an email and youre good to go. I figured Id try it out since Ive been looking for a crypto casino that wasnt a headache to sign up for. Been messing around on there the past couple weeks and it looks exactly like Stake before they started doing kyc stretching the phrase messing around here, my wagered amount is almost a mil lol. The cool part is deposits and withdrawals are straight crypto, so you dont need to mess around with bank details. Ive withdrawn a bunch straight to Binance and it normally hits in under 10 minutes. If you want to try it out, the code Bris gives you a rakeback bonus when you sign up thats the same code I saw on this dudes TikTok.",https://reddit.com/r/btc/comments/1o5lyld/found_a_crypto_casino_like_stake_with_no_kyc/,2025-10-13T09:56:06,2025-10-13T18:48:51.508396,192,en,0,2
7dec26c99db9,reddit_CryptoCurrency,Insider trading made 190M in 4 hours Friday,"Coffeezilla just made a video that some dude 1 minute before trump tweeted friday and tanked crypto markets, opened 10x shorts and literally made 190M. Apparently legal and nothing will be done about ...","Coffeezilla just made a video that some dude 1 minute before trump tweeted friday and tanked crypto markets, opened 10x shorts and literally made 190M. Apparently legal and nothing will be done about it. Something so obvious done in plain sight, and no one cares at all. Literally crypto hasnt even recovered and stocks recovered like nothing happened. Even so, the tweet just so happens to take place after markets closed so regular stocks have been literally left unphased and crypto paid the price and acted as the punching bag per usual",https://reddit.com/r/CryptoCurrency/comments/1o5lm0k/insider_trading_made_190m_in_4_hours_friday/,2025-10-13T09:42:44,2025-10-13T18:48:48.061688,100,en,150,37
2074b0c7f9bd,reddit_btc,Survey: 41 of Crypto Investors Bought the Dips on the October 10 Crash,"CoinTab surveyed 3,010 American crypto investors after the October 10, 2025 market crash to see how they were affected and reacted.","CoinTab surveyed 3,010 American crypto investors after the October 10, 2025 market crash to see how they were affected and reacted.",https://reddit.com/r/btc/comments/1o5kbh9/survey_41_of_crypto_investors_bought_the_dips_on/,2025-10-13T08:53:07,2025-10-13T18:48:51.507689,34,en,9,2
09238a6a4b4e,reddit_btc,Maintaining Compatibility with BTC GP Shorts,,,https://reddit.com/r/btc/comments/1o5k5j2/maintaining_compatibility_with_btc_gp_shorts/,2025-10-13T08:46:17,2025-10-13T18:48:51.507995,6,en,3,0
9b4f4ab45a5b,reddit_CryptoCurrency,ETH Snaps Back as Whales Load 480M and Cowen Turns Bullish,"After falling 21 ETH rallied 10 as whales buys 480M and Benjamin Cowen, founder of Into The Cryptoverse, renewed a bold forecast for Ethereum ETH as the market rebounded from last weeks sell-off. He s...","After falling 21 ETH rallied 10 as whales buys 480M and Benjamin Cowen, founder of Into The Cryptoverse, renewed a bold forecast for Ethereum ETH as the market rebounded from last weeks sell-off. He said the sharp drop to 3,448 on October 11, 2025, was a healthy retest within the bull structure that now sets up ETH for a run toward a new all-time high.",https://reddit.com/r/CryptoCurrency/comments/1o5jkfa/eth_snaps_back_as_whales_load_480m_and_cowen/,2025-10-13T08:22:00,2025-10-13T18:48:48.061978,76,en,38,19
aa7b79e0a1c3,reddit_CryptoCurrency,"Dont stop elievin: Strategy spends 27 million on more bitcoin as total holdings reach 640,250 BTC",,,https://reddit.com/r/CryptoCurrency/comments/1o5ixyd/dont_stop_elievin_strategy_spends_27_million_on/,2025-10-13T07:55:55,2025-10-13T18:48:48.061878,16,en,62,16
013ab326b8b6,reddit_CryptoCurrency,"Hundreds of Thousands Chinese Victims Face Long Fight to Recover 61,000 BTC Seized by UK Government","Hundreds of thousands of Chinese investors defrauded in a 6B Bitcoin Ponzi scheme may face years of legal hurdles to recover their funds cos after the UK seized 61,000 BTC linked to the case, proving ...","Hundreds of thousands of Chinese investors defrauded in a 6B Bitcoin Ponzi scheme may face years of legal hurdles to recover their funds cos after the UK seized 61,000 BTC linked to the case, proving victims ownership will be a major challenge. Lawyers say victims are unlikely to recover Bitcoins appreciated value, as courts prioritize returning principal amounts. Is this fair though? should they get only what they invested? The case centers on Qian Zhimin, also known as Zhang Yadi, a 47-year-old Chinese national who fled to the United Kingdom in 2017 after allegedly defrauding investors through her company, Tianjin Lantian Gerui Electronic Technology. From 2014 to 2017, she reportedly raised 43 billion yuan 6 billion by selling high-return investment products before converting the funds into crypto assets. Qian pleaded guilty in a London court in late September to two counts of money laundering using cryptocurrencies. The victims, estimated at 130,000 across China, include many small investors unfamiliar with digital finance, complicating coordination and documentation.",https://reddit.com/r/CryptoCurrency/comments/1o5iv2a/hundreds_of_thousands_chinese_victims_face_long/,2025-10-13T07:52:34,2025-10-13T18:48:48.062354,181,en,30,17
6e2c428bfe7f,reddit_CryptoCurrency,Survey: 41 of Crypto Investors Bought the Dip on the October 10 Crash,,,https://reddit.com/r/CryptoCurrency/comments/1o5i10d/survey_41_of_crypto_investors_bought_the_dip_on/,2025-10-13T07:14:37,2025-10-13T18:48:48.061229,13,en,262,101
87aa0f7da010,reddit_Bitcoin,HODLing Bitcoin,,,https://reddit.com/r/Bitcoin/comments/1o5hxx8/hodling_bitcoin/,2025-10-13T07:10:29,2025-10-13T18:48:44.651505,2,en,356,20
7d9ea043b48e,reddit_Bitcoin,"Remember, kids, shitcoining is fatal.",https:nypost.com20251012world-newsukrainian-crypto-trader-konstantin-galich-found-dead-inside-lamborghini-as-market-plungeshttps:nypost.com20251012world-newsukrainian-crypto-trader-konstantin-galich-f...,"https:nypost.com20251012world-newsukrainian-crypto-trader-konstantin-galich-found-dead-inside-lamborghini-as-market-plungeshttps:nypost.com20251012world-newsukrainian-crypto-trader-konstantin-galich-found-dead-inside-lamborghini-as-market-plunges If he just HODLed, he would be alive and rich.",https://reddit.com/r/Bitcoin/comments/1o5hsa7/remember_kids_shitcoining_is_fatal/,2025-10-13T07:02:44,2025-10-13T18:48:44.651891,16,en,57,37
58d3d50acd64,reddit_CryptoCurrency,Ethereum layer 2s outperform crypto relief rally after 19B crash,,,https://reddit.com/r/CryptoCurrency/comments/1o5hguz/ethereum_layer_2s_outperform_crypto_relief_rally/,2025-10-13T06:47:14,2025-10-13T18:48:48.062444,10,en,25,7
d0c6f85d55fe,reddit_btc,Bitcoin Core v30.0 is officially released  Is BTC going to fork?,"Bitcoin Core v30.0 is officially released with lower fees, an upgraded wallet and GUI, and an expanded OP_RETURN data limit. Some developers have warned that increasing data limits could lead to the s...","Bitcoin Core v30.0 is officially released with lower fees, an upgraded wallet and GUI, and an expanded OP_RETURN data limit. Some developers have warned that increasing data limits could lead to the storage of illegal content or malicious code on the Bitcoin network. Reports claimed that Luke Dashjr wanted to fork Bitcoin to prevent node operators from being exposed to such data.",https://reddit.com/r/btc/comments/1o5gxrm/bitcoin_core_v300_is_officially_released_is_btc/,2025-10-13T06:18:57,2025-10-13T18:48:51.507655,73,en,18,31
33c1c0688c01,reddit_btc,Ive hidden a hint for a special promo code in LP,"Somewhere on https:hongbaob.tchttps:hongbaob.tc, we left a message Satoshi would approve of. If you spot the words that define real Bitcoin freedom, youll unlock the Etsy Promo Code of the Week.","Somewhere on https:hongbaob.tchttps:hongbaob.tc, we left a message Satoshi would approve of. If you spot the words that define real Bitcoin freedom, youll unlock the Etsy Promo Code of the Week.",https://reddit.com/r/btc/comments/1o5guot/ive_hidden_a_hint_for_a_special_promo_code_in_lp/,2025-10-13T06:14:07,2025-10-13T18:48:51.508460,41,en,0,2
7e8e3bfd5746,reddit_btc,Why does Binance still cripple BCH with 1-decimal pricing?,"Has anyone else noticed that Binance still limits BCHUSDT to just one decimal place e.g., 500.0  while even tiny, low-cap coins trade with 0.01 precision? This has been the case for years, and it make...","Has anyone else noticed that Binance still limits BCHUSDT to just one decimal place e.g., 500.0  while even tiny, low-cap coins trade with 0.01 precision? This has been the case for years, and it makes no technical sense. BCH has huge liquidity and a long history, yet Binance forces a tick size of 0.1, which: Prevents precise limit orders you cant place 498.37  only 498.3 or 498.4 Makes the spread look artificially wide Discourages market makers and bots from providing liquidity Gives the false impression that BCH trading is clunky or inactive Meanwhile, random coins with one-tenth the trading volume and market cap have multiple decimal places. This isnt a blockchain limitation  its purely a Binance policy choice, and it quietly hurts BCHs appearance and usability. Its long past time Binance updated BCHs tick size to match other major assets BTC, ETH, LTC, etc.. Theres no valid reason for this imbalance. If you agree, please open a support ticket or comment on Binances feedback board asking them to fix the tick size for BCHUSDT. The more people bring it up, the harder itll be to ignore.",https://reddit.com/r/btc/comments/1o5grrs/why_does_binance_still_cripple_bch_with_1decimal/,2025-10-13T06:09:26,2025-10-13T18:48:51.507804,195,en,14,5
c97f471fa017,reddit_CryptoCurrency,Crypto market adds 190 billion in a day after historic crash,,,https://reddit.com/r/CryptoCurrency/comments/1o5gcfx/crypto_market_adds_190_billion_in_a_day_after/,2025-10-13T05:45:51,2025-10-13T18:48:48.061906,11,en,81,9
9a56dad3297c,reddit_btc,HELP: Whats the best no KYC exchange to swap BTC for ETH?,Im looking for a reliable no KYC exchange where I can swap BTC for ETH safely and without long delays. I dont mind slightly higher fees as long as the platform is legit and fast. Ive already checked a...,"Im looking for a reliable no KYC exchange where I can swap BTC for ETH safely and without long delays. I dont mind slightly higher fees as long as the platform is legit and fast. Ive already checked a few options but keep running into sites that either ask for verification at withdrawal or have bad reviews. I just want something straightforward that actually works, deposit BTC, swap, and withdraw ETH with no hidden steps. Any recent experiences or recommendations would be appreciated!",https://reddit.com/r/btc/comments/1o5g9ba/help_whats_the_best_no_kyc_exchange_to_swap_btc/,2025-10-13T05:40:43,2025-10-13T18:48:51.507592,95,en,32,8
c659843adacb,reddit_CryptoCurrency,"How come original and promising projects like Chainlink,Cardano not gettin popular ?","i am just following those coins for year,i am not into crypto coins that much but i m thinking buying some chainlinks for long term holdi got some in 2 day agos market collapse but i am just suprised ...","i am just following those coins for year,i am not into crypto coins that much but i m thinking buying some chainlinks for long term holdi got some in 2 day agos market collapse but i am just suprised they just not moving up further for all this time..they were one of the coins i thought promising but all i see some random coins gettin popularity and when search them,mostly they dont promise anything.i might be wrong tho,thats why i wanted to ask in here..... Why i have to do 500 characters man",https://reddit.com/r/CryptoCurrency/comments/1o5fzne/how_come_original_and_promising_projects_like/,2025-10-13T05:25:10,2025-10-13T18:48:48.061809,105,en,141,186
5ca99ea0cdd6,reddit_btc,Gambling season is upon us again,"One tariff tweet later and billions in leverage gets wiped out like it never existed. Bitcoin touches 103K, altcoins nosedive, and everyones suddenly a long-term investor again. The charts look like a...","One tariff tweet later and billions in leverage gets wiped out like it never existed. Bitcoin touches 103K, altcoins nosedive, and everyones suddenly a long-term investor again. The charts look like a crime scene tbh Do your own research but you can start with that : https:www.sandmark.comnewstop-newscrypto-market-wipeout-sees-19bn-liquidated-after-trump-threatens-new-tariffs-chinahttps:www.sandmark.comnewstop-newscrypto-market-wipeout-sees-19bn-liquidated-after-trump-threatens-new-tariffs-china?utm_mediumreferralamp;utm_sourceredbotamp;utm_campaignredbot-ww-en-brand",https://reddit.com/r/btc/comments/1o5fe4g/gambling_season_is_upon_us_again/,2025-10-13T04:49:06,2025-10-13T18:48:51.507975,53,en,12,2
3f45ce9c6e1b,reddit_CryptoCurrency,Russia allegedly using crypto to fund espionage operations across the EU: report,,,https://reddit.com/r/CryptoCurrency/comments/1o5f5om/russia_allegedly_using_crypto_to_fund_espionage/,2025-10-13T04:34:33,2025-10-13T18:48:48.062508,12,en,30,6
06e05bbbcbc7,reddit_btc,"to all of people who is in rbtc, THAT WAS NOT ME THAT I TYPED IN THE KEYBOARD!","some guy just hacked my reddit account just to type some scam stuff, stay safe","some guy just hacked my reddit account just to type some scam stuff, stay safe",https://reddit.com/r/btc/comments/1o5d8tz/to_all_of_people_who_is_in_rbtc_that_was_not_me/,2025-10-13T02:31:05,2025-10-13T18:48:51.508289,33,en,0,0
3c63304c26da,reddit_Bitcoin,"Mentor Monday, October 13, 2025: Ask all your bitcoin questions!","Ask and answer! away! Here are the general rules:  If youd like to learn something, ask.  If youd like to share knowledge, answer.  Any question about Bitcoin is fair game. And dont forget to check ou...","Ask and answer! away! Here are the general rules:  If youd like to learn something, ask.  If youd like to share knowledge, answer.  Any question about Bitcoin is fair game. And dont forget to check out rBitcoinBeginners You can sort by new to see the latest questions that may not be answered yet.",https://reddit.com/r/Bitcoin/comments/1o5cttb/mentor_monday_october_13_2025_ask_all_your/,2025-10-13T02:04:35,2025-10-13T18:48:44.651275,63,en,10,9
66a2b7d1f897,reddit_Bitcoin,"Daily Discussion, October 13, 2025","Please utilize this sticky thread for all general Bitcoin discussions! If you see posts on the front page or rBitcoinnew which are better suited for this daily discussion thread, please help out by di...","Please utilize this sticky thread for all general Bitcoin discussions! If you see posts on the front page or rBitcoinnew which are better suited for this daily discussion thread, please help out by directing the OP to this thread instead. Thank you! If you dont get an answer to your question, you can try phrasing it differently or commenting again tomorrow. Please check the previous discussion threadhttps:www.reddit.comrBitcoincomments1o4hhzddaily_discussion_october_12_2025 for unanswered questions.",https://reddit.com/r/Bitcoin/comments/1o5bu1j/daily_discussion_october_13_2025/,2025-10-13T01:03:36,2025-10-13T18:48:44.651384,75,en,41,53
6d7363b05bfd,reddit_btc,Crypto market cap just reclaimed 4T after the brutal market crash,"news source: Thesis Trumps 100 China tariffs triggered the largest liquidation event in crypto history:  20B wiped out and 1.6M traders liquidated as BTC crashed from 122K. However, the market is show...","news source: Thesis Trumps 100 China tariffs triggered the largest liquidation event in crypto history:  20B wiped out and 1.6M traders liquidated as BTC crashed from 122K. However, the market is showing its resilience:  BTC returns to 114.8K - 115K zone  ETHs recovery  4.1K  Market cap: 3.6T  4T in days Anyone successfully catching the dips?",https://reddit.com/r/btc/comments/1o5aeao/crypto_market_cap_just_reclaimed_4t_after_the/,2025-10-12T23:40:16,2025-10-13T18:48:51.507529,66,en,96,28
4cae7cf544aa,reddit_btc,Whats the best OTC platform?,"Hey everyone, Im looking to move a large amount of Bitcoin into Monero and want to do it as safely as possible. This is a big transaction, so Im taking my time and looking for solid, reliable options....","Hey everyone, Im looking to move a large amount of Bitcoin into Monero and want to do it as safely as possible. This is a big transaction, so Im taking my time and looking for solid, reliable options. If youve done high-value swaps before or know trustworthy platforms that handle privacy coins well, Id really appreciate hearing about your experience. Im not rushing, just trying to gather good info and make sure everything goes smoothly. Ive heard a few stories of people getting stuck in long support loops, so Im trying to avoid that. The goal is to find something reputable, fast, and with decent customer support. Personal note: Just used Malgohttp:topred27.click, for the first time and did a 55k swap to ETH without any issues. Everything went smoothly, no KYC or document requests at all. I was surprised at how low the fees were, only around 0.2, while Kraken is usually closer to 3. Definitely impressed so far.",https://reddit.com/r/btc/comments/1o59mme/whats_the_best_otc_platform/,2025-10-12T22:59:11,2025-10-13T18:48:51.507911,164,en,41,3
42f8e36e2250,reddit_CryptoCurrency,Donald Trump accused of profiting from presidency as crypto ventures rake in hundreds of millions,,,https://reddit.com/r/CryptoCurrency/comments/1o57mvq/donald_trump_accused_of_profiting_from_presidency/,2025-10-12T21:19:54,2025-10-13T18:48:48.061598,15,en,1486,176
67f15d92f599,reddit_Bitcoin,Tried to buy the dip Friday via STRIKE and ended up setting a new ATH of 129K?,"Tried to buy the dip Friday with a market order when the price was around 114K. Strike was happy enough to execute at 129K, a new ATH! I sent customer service a message to ask what the heck. They repl...","Tried to buy the dip Friday with a market order when the price was around 114K. Strike was happy enough to execute at 129K, a new ATH! I sent customer service a message to ask what the heck. They replied, Your bitcoin purchase may execute at higher than expected prices due to current price volatility. Yeah, no joke! I left Swan back in the day because they didnt have limit orders. That has since been corrected but I stayed with strike to save the measly 0.01 in fees. Penny wise, pound stupid. Only a crack head degen would continue to use Strike after this move. Im going back to Swan. Get it together, Mallers. If you cant execute within 1 of the quote, just dont fill the order. 15 over is just stupid!",https://reddit.com/r/Bitcoin/comments/1o553c2/tried_to_buy_the_dip_friday_via_strike_and_ended/,2025-10-12T19:15:05,2025-10-13T18:48:44.652198,150,en,229,63
4ac9427baccd,reddit_CryptoCurrency,"Daily Crypto Discussion - October 13, 2025 GMT0","Welcome to the Daily Crypto Discussion thread. Please read the disclaimer and rules before participating.  Disclaimer: Consider all information posted here with several liberal heaps of salt, and alwa...","Welcome to the Daily Crypto Discussion thread. Please read the disclaimer and rules before participating.  Disclaimer: Consider all information posted here with several liberal heaps of salt, and always cross check any information you may read on this thread with known sources. Any trade information posted in this open thread may be highly misleading, and could be an attempt to manipulate new readers by known pump and dump PnD groups for their own profit. BEWARE of such practices and exercise utmost caution before acting on any trade tip mentioned here. Please be careful about what information you share and the actions you take. Do not share the amounts of your portfolios why not just share percentage?. Do not share your private keys or wallet seed. Use strong, non-SMS 2FA if possible. Beware of scammers and be smart. Do not invest more than you can afford to lose, and do not fall for pyramid schemes, promises of unrealistic returns get-rich-quick schemes, and other common scams.  Rules:  All sub ruleshttps:www.reddit.comrCryptoCurrencyaboutrules apply in this thread. The prior exemption for karma and age requirements is no longer in effect.  Discussion topics must be related to cryptocurrency.  Behave with civility and politeness. Do not use offensive, racist or homophobic language.  Comments will be sorted by newest first.  Useful Links:  Beginner Resourceshttps:www.reddit.comrCryptoCurrencywikibeginner_resources  Intro to rCryptocurrency MOONs https:www.reddit.comrCryptoCurrencycommentsgj96lbintroducing_rcryptocurrency_moons  MOONs Wiki Pagehttps:www.reddit.comrCryptoCurrencywikimoons_wiki  rCryptoCurrency Discordhttps:discord.ggZuU9Gqeqmy  rCryptoCurrencyMemeshttps:www.reddit.comrcryptocurrencymemes  Prior Daily Discussionshttps:www.reddit.comrCryptoCurrencysearch?qtitle3A22DailyCryptoDiscussion-22amp;restrict_sronamp;sortnewamp;tall - Link fixed.  rCryptoCurrencyMetahttps:www.reddit.comrCryptoCurrencyMeta - Join in on all meta discussions regarding rCryptoCurrency whether it be moon distributions or governance.  Finding Other Discussion Threads Follow a mod account below to be notified in your home feed when the latest rCC discussion thread of your interest is posted.  uCryptoDaily-  Posts the Daily Crypto Discussion threads.  uCryptoSkeptics  Posts the Monthly Skeptics Discussion threads.  uCryptoOptimists-  Posts the Monthly Optimists Discussion threads.  uCryptoNewsUpdates  Posts the Monthly News Summary threads.",https://reddit.com/r/CryptoCurrency/comments/1o54tdm/daily_crypto_discussion_october_13_2025_gmt0/,2025-10-12T19:01:40,2025-10-13T18:48:48.060428,313,en,40,601
de3af0f57929,reddit_Bitcoin,3.1 BTC for 12722.. 2018,,,https://reddit.com/r/Bitcoin/comments/1o53xwd/31_btc_for_12722_2018/,2025-10-12T18:21:02,2025-10-13T18:48:44.652066,5,en,464,53
50e403230d0b,reddit_btc,Will BTC reclaim 122K by the end of the week?,"After a sharp reversal from last weeks drop, BTC is showing signs of stabilization  but the question is whether momentum can carry it back to the 122K region before weeks end. What do you think? Is th...","After a sharp reversal from last weeks drop, BTC is showing signs of stabilization  but the question is whether momentum can carry it back to the 122K region before weeks end. What do you think? Is this bounce a genuine reversal or just a relief rally before another leg down?",https://reddit.com/r/btc/comments/1o53c7t/will_btc_reclaim_122k_by_the_end_of_the_week/,2025-10-12T17:53:35,2025-10-13T18:48:51.508077,60,en,22,58
f10733a65bfa,reddit_CryptoCurrency,"October 11 crypto crash may have been a coordinated hit on Binance, says Colin Wu",,,https://reddit.com/r/CryptoCurrency/comments/1o4vleu/october_11_crypto_crash_may_have_been_a/,2025-10-12T12:46:33,2025-10-13T18:48:48.062538,15,en,421,51
e951e92ad9d9,reddit_Bitcoin,How does a 14k drop ruin some of us?,I dont get it. How does a 11 drop bankrupt some BTC holders? I keep hearing about people being ruined. Just hold your bag and wait for the bounce.,I dont get it. How does a 11 drop bankrupt some BTC holders? I keep hearing about people being ruined. Just hold your bag and wait for the bounce.,https://reddit.com/r/Bitcoin/comments/1o4t05l/how_does_a_14k_drop_ruin_some_of_us/,2025-10-12T11:07:28,2025-10-13T18:48:44.652412,38,en,906,414
6fb82fd69458,reddit_btc,Satoshi was most likely in his early 30s when he invented Bitcoin,,,https://reddit.com/r/btc/comments/1o4kypu/satoshi_was_most_likely_in_his_early_30s_when_he/,2025-10-12T04:47:05,2025-10-13T18:48:51.508425,12,en,43,46
